"","cluster_assignment","id","name","IBU","ABV","SRM"
"1","1","c4f2KE","'Murican Pilsner",-0.394832070025847,-0.552494067667857,-0.927379435174699
"2","5","zfP2fK","12th Of Never",-0.22861216218807,-0.799854527602057,-0.447216681911477
"3","5","xwYSL2","15th Anniversary Ale",-0.157375058829022,-0.662432049860835,-0.359914363136346
"4","7","UJGpVS","16 So Fine Red Wheat Wine",1.14863850275351,2.03104851386712,-0.31626320374878
"5","16","vz5JZ1","1794 The Fergal Project",0.317538963564627,0.409463276520699,2.17185288134246
"6","10","LcpeBb","17th Saison",-0.513560575624259,-0.00280415670296819,-0.534519000686608
"7","19","Yd8G8r","18th Anniversary Belgian Tripel",-0.394832070025847,1.09657566522681,-0.752774797624436
"8","13","O78ldO","1904 American Red Lager",-1.51088002265092,-1.15715296972923,-1.0583329133374
"9","16","MgdJep","200th Anniversary Export Stout",0.198810457966215,0.546885754261921,2.17185288134246
"10","15","ISTT06","2017 Beer Camp",0.911181491556689,0.217071807682988,-0.447216681911477
"11","7","v4KRep","20th Anniversary Imperial Hash IPA on Brett",1.9797380419424,1.37142062070925,-0.534519000686608
"12","11","e9sjBk","21st Anniversary",-0.988474598017909,-0.470040581023124,0.0765972307393107
"13","16","YZXVKq","25th Anniversary",0.0800819523678023,0.546885754261921,2.17185288134246
"14","10","f5CWb6","30th Anniversary - Charlie, Fred & Ken's Bock",-0.561051977863624,0.272040798779476,-0.709123638236871
"15","12","0KEzfx","30th Anniversary - Fritz and Ken's Ale",1.14863850275351,1.6462655761917,2.17185288134246
"16","7","8M5lCq","30th Anniversary - Jack & Ken's Ale",1.86100953634399,2.03104851386712,0.120248390126876
"17","19","ajbd6g","35th Anniversary  - Brewer's Reserve",0.317538963564627,1.37142062070925,-0.0543562474233861
"18","5","NoNhan","420 Extra Pale Ale",-0.22861216218807,-0.799854527602057,-0.447216681911477
"19","7","pOUbfg","420 Fest",1.9797380419424,1.37142062070925,-0.534519000686608
"20","15","jIKwgZ","420 Strain G13 IPA",0.911181491556689,0.217071807682988,-0.447216681911477
"21","7","lWygSS","471 Double IPA - Hull Melon",1.9797380419424,1.37142062070925,-0.534519000686608
"22","5","fa0oqf","471 ESB - Extra Special Bitter",-0.157375058829022,-0.662432049860835,-0.359914363136346
"23","7","HZMvCT","471 IPA Barrel Series: Citra",1.9797380419424,1.37142062070925,-0.534519000686608
"24","7","GysKeq","471 IPA Barrel Series: Eureka!",1.9797380419424,1.37142062070925,-0.534519000686608
"25","7","tw2Iw0","471 IPA. Aggressive Hoppiness",1.9797380419424,1.37142062070925,-0.534519000686608
"26","1","GYF0P4","471 Pilsner",-0.394832070025847,-0.552494067667857,-0.927379435174699
"27","15","j9cp5e","471 Small Batch IPA",0.911181491556689,0.217071807682988,-0.447216681911477
"28","15","5MX880","5 C's IPA",0.911181491556689,0.217071807682988,-0.447216681911477
"29","1","uA3MVL","7 Birds",-0.394832070025847,-0.552494067667857,-0.927379435174699
"30","1","Fhw2NF","7 Cities Pilsner",-0.394832070025847,-0.552494067667857,-0.927379435174699
"31","12","MqTIG4","72 Imperial",0.0800819523678023,1.6462655761917,2.17185288134246
"32","10","wDgaK8","A Beer Named Sue",-0.513560575624259,-0.00280415670296819,-0.534519000686608
"33","7","Au0v9G","A Little Sumpin' Extra",1.9797380419424,1.37142062070925,-0.534519000686608
"34","5","svXHfu","A Little Sumpin' Sumpin'",-0.22861216218807,-0.799854527602057,-0.447216681911477
"35","5","hbF6tu","ABLE Best Britter",-0.3235949666668,-1.12966847418099,-0.447216681911477
"36","8","MTLa3r","Afternooner",-0.751017586821084,-0.827339023150302,-0.534519000686608
"37","4","6AcqY6","Agave Wheat",-0.869746092419496,-1.10218397863275,-0.709123638236871
"38","5","RK9Po6","Ale 20",-0.22861216218807,-0.799854527602057,-0.447216681911477
"39","7","yn4ODI","Ale Communication",1.38609551395034,1.48135860290223,-0.228960884973649
"40","4","2cLm8B","All Colorado Apricot Wheat",-0.869746092419496,-1.15715296972923,-0.796425957012002
"41","5","DbeLZF","All Colorado Wet Hop Pale Ale",-0.22861216218807,-0.799854527602057,-0.447216681911477
"42","7","aG4Ie2","Alpha Dog Imperial IPA",1.9797380419424,1.37142062070925,-0.534519000686608
"43","5","hYaduh","Alt Route - Beer Camp Across America",-0.109883656589657,-0.88230801424679,-0.0107050880358205
"44","5","5TQX99","ALTitude",-0.109883656589657,-0.88230801424679,-0.0107050880358205
"45","5","qIa0fL","Amber Beer",-0.276103564427435,-0.689916545409079,-0.0543562474233861
"46","6","Zd8Cxd","American Summer Hoppy Wit",-1.29716871257378,-0.827339023150302,-1.0583329133374
"47","7","Ota9wv","Anejo Tequila Barrel Aged Gubna",1.38609551395034,1.48135860290223,-0.228960884973649
"48","5","b6nCMj","Anniversary Ale",-0.22861216218807,-0.799854527602057,-0.447216681911477
"49","15","fBZZUJ","Anniversary Ale",0.911181491556689,0.217071807682988,-0.447216681911477
"50","15","iEMsk8","Anniversary Ale 2007",0.911181491556689,0.217071807682988,-0.447216681911477
"51","15","ItEVNY","Anniversary Ale 2009",0.911181491556689,0.217071807682988,-0.447216681911477
"52","17","HIuMUM","Antwerpen Stout",-0.988474598017909,-1.10218397863275,2.17185288134246
"53","17","IyyejS","Anubis Imperial Coffee Porter",-0.751017586821084,-0.689916545409079,1.08057389665332
"54","4","JCo28y","Asian Gold Blonde",-0.988474598017909,-1.10218397863275,-0.883728275787133
"55","5","uHEs7N","Audition - Altbier",-0.109883656589657,-0.88230801424679,-0.0107050880358205
"56","10","fdnFoV","Audition - Belgian-Style Blonde",-0.869746092419496,0.217071807682988,-0.840077116399567
"57","8","8ugUQF","Audition - Belgian-Style Pale Ale",-0.751017586821084,-0.827339023150302,-0.534519000686608
"58","7","BJFSW8","Audition - Double IPA",1.9797380419424,1.37142062070925,-0.534519000686608
"59","4","cBZj1z","Audition - English-Style Bitter",-0.632289081222672,-1.62438939404939,-0.578170160074174
"60","1","NY86j7","Audition - Imperial Pilsner",-0.394832070025847,-0.552494067667857,-0.927379435174699
"61","5","lEPIZg","Audition - Pale Ale",-0.22861216218807,-0.799854527602057,-0.447216681911477
"62","1","WaxgGo","Audition - Pilsner",-0.394832070025847,-0.552494067667857,-0.927379435174699
"63","18","eOVHdT","Audition - Scotch Ale",-0.513560575624259,0.327009789875965,0.644062302777664
"64","8","1unO6C","Autumn Ale",-0.917237494658861,-0.497525076571368,-0.490867841299042
"65","5","nvfMg1","Avalanche Ale",-0.276103564427435,-0.689916545409079,-0.0543562474233861
"66","4","kLnpDN","Bad Luck Blonde",-0.988474598017909,-1.10218397863275,-0.883728275787133
"67","16","J2UGn1","Baltic Anomaly",-0.157375058829022,0.959153187485588,2.17185288134246
"68","16","Beiqbm","Baltic Joy",-0.157375058829022,0.959153187485588,2.17185288134246
"69","6","YXPOTZ","Bamberg Helles",-0.917237494658861,-0.827339023150302,-0.883728275787133
"70","8","kbyHKb","Banana Stand",-1.34466011481315,-0.772370032053813,-0.0543562474233861
"71","16","bdFoir","Bare Knuckle Stout",0.317538963564627,0.409463276520699,2.17185288134246
"72","7","wRkDGh","Barrel Aged 471 IPA. Aggressive Hoppiness",1.9797380419424,1.37142062070925,-0.534519000686608
"73","10","fGeFvg","Barrel Aged BOTL Cap",-0.561051977863624,0.272040798779476,-0.709123638236871
"74","10","dS3WFU","Barrel Aged Chaka (Merlot)",-0.869746092419496,0.217071807682988,-0.840077116399567
"75","5","18Ki63","Barrel Aged Dale's Pale Ale (Makers Mark)",-0.22861216218807,-0.799854527602057,-0.447216681911477
"76","12","8SiLJi","Barrel Aged Imperial Cherry Stout",1.14863850275351,1.6462655761917,2.17185288134246
"77","1","LMONA6","Barrel Aged Mama's Mama's Little Yella Pils (Tequila)",-0.394832070025847,-0.552494067667857,-0.927379435174699
"78","12","hO6U5X","Barrel Aged Narwhal",1.14863850275351,1.6462655761917,2.17185288134246
"79","18","zLqnaW","Barrel Aged Nuovo Record",-0.751017586821084,0.876699700840855,0.207550708902008
"80","16","DvxCJ2","Barrel Aged Twenty Five",0.0800819523678023,0.546885754261921,2.17185288134246
"81","7","HIwvra","Barrel-Aged Bigfoot (Whiskey Barrels)",1.86100953634399,2.03104851386712,0.120248390126876
"82","15","AZgmir","Barrel-Aged Hoptimum  (Trip in the Woods)",0.911181491556689,0.217071807682988,-0.447216681911477
"83","12","Ydp0k0","Barrel-Aged Ten Fidy",1.14863850275351,1.6462655761917,2.17185288134246
"84","5","PZL75k","Barrel-Aged Thunder Ann",-0.22861216218807,-0.799854527602057,-0.447216681911477
"85","15","4A41PO","Barrel-Aged Torpedo Extra IPA",0.911181491556689,0.217071807682988,-0.447216681911477
"86","7","x7GusT","Batch #2 Barleywine",1.86100953634399,2.03104851386712,0.120248390126876
"87","18","JzR6cK","Bavarian-Styled Doppel Weizen",-0.751017586821084,0.876699700840855,0.207550708902008
"88","15","kvklwS","Bayside Black IPA",0.911181491556689,0.217071807682988,-0.447216681911477
"89","10","3JrTod","Beach Bum Blonde Ale",-0.869746092419496,0.217071807682988,-0.840077116399567
"90","8","9YCuGj","Bearsharktopus",-0.751017586821084,-0.827339023150302,-0.534519000686608
"91","17","ZQkBoF","Bearwalker Barrel Aged Double Maple",-0.276103564427435,-0.717401040957324,0.469457665227401
"92","17","Nl1CJp","Bearwalker Brown",-0.276103564427435,-0.717401040957324,0.469457665227401
"93","6","Jyj4KZ","Bearwalker Maple Nut (Eagle Rare Barrel Aged)",-1.29716871257378,-0.827339023150302,-1.0583329133374
"94","18","2rqlKs","Beer Camp 013: Old Cantankerous",0.317538963564627,0.546885754261921,0.513108824614967
"95","7","7iFx4r","Beer Camp Across America",1.9797380419424,1.37142062070925,-0.534519000686608
"96","15","6mTebP","Beer Camp Golden IPA",0.911181491556689,0.217071807682988,-0.447216681911477
"97","13","pTHBWA","Beer Camp Hoppy Lager",-1.51088002265092,-1.15715296972923,-1.0583329133374
"98","15","pGqazY","Beer Camp Tropical IPA",0.911181491556689,0.217071807682988,-0.447216681911477
"99","1","ZK2Swv","Beer Camp: Atlantic-Style Vintage Ale",-0.513560575624259,-0.827339023150302,-0.883728275787133
"100","17","BdlH6M","Beer Camp: Campout Porter",-0.751017586821084,-0.689916545409079,1.08057389665332
"101","4","QHCtPE","Beer Camp: Dry Hopped Belgian Golden",-0.988474598017909,-1.10218397863275,-0.883728275787133
"102","7","nxU5Fn","Beer Camp: Dry-Hopped Barleywine-Style Ale",1.86100953634399,2.03104851386712,0.120248390126876
"103","2","2avhYf","Beer Camp: Dry-Hopped Berliner-Style Weisse",-1.72459133272807,-1.87174985398359,-1.0583329133374
"104","8","eueVi6","Beer Camp: Dunkle Weisse",-1.34466011481315,-0.772370032053813,-0.0543562474233861
"105","15","z8iAm9","Beer Camp: East Meets West IPA",0.911181491556689,0.217071807682988,-0.447216681911477
"106","13","bSQyva","Beer Camp: Ginger Lager",-1.51088002265092,-1.15715296972923,-1.0583329133374
"107","18","q5sbES","Beer Camp: Raspberry Sundae Ale",-0.157375058829022,0.409463276520699,1.08057389665332
"108","16","lT9g7O","Beer Camp: Stout of the Union",0.317538963564627,0.409463276520699,2.17185288134246
"109","18","SPbPNt","Beer Camp: Thai-Style Iced Tea",-0.157375058829022,0.409463276520699,1.08057389665332
"110","7","4jKDXK","Beer Camp: West Coast DIPA",1.9797380419424,1.37142062070925,-0.534519000686608
"111","15","h331gl","Beer Camp: White IPA with Yuzu",0.911181491556689,0.217071807682988,-0.447216681911477
"112","10","gFe3ro","Beer Like A Billy Goat",-0.561051977863624,0.272040798779476,-0.709123638236871
"113","19","ZJdowf","Beerhive",-0.394832070025847,1.09657566522681,-0.752774797624436
"114","8","1cLpJP","Beerito",-0.751017586821084,-0.772370032053813,-0.0980074068109518
"115","8","BoJHzM","Belgian Black IPA - Beer Camp #94",-0.751017586821084,-0.827339023150302,-0.534519000686608
"116","19","nAr0mR","Belgian Blond",-0.276103564427435,1.37142062070925,-0.709123638236871
"117","8","DQW0WA","Belgian Crush",-0.751017586821084,-0.827339023150302,-0.534519000686608
"118","8","hDKDfU","Belgian Style Pale Ale - Mountain Series",-0.751017586821084,-0.827339023150302,-0.534519000686608
"119","10","X8qNCS","Belgian-Style Blonde IPA",-0.869746092419496,0.217071807682988,-0.840077116399567
"120","6","17KZDP","Bella Czech Pils",-0.822254690180131,-0.88230801424679,-1.01468175394983
"121","2","O3nY32","Bernie Weisse",-1.72459133272807,-1.87174985398359,-1.0583329133374
"122","18","QtA7tb","Betsy's Revenge",-0.157375058829022,0.409463276520699,1.08057389665332
"123","4","pSVIAZ","BFD - Beer For Drinking",-0.988474598017909,-1.10218397863275,-0.883728275787133
"124","7","zqS7ze","Bigfoot",1.86100953634399,2.03104851386712,0.120248390126876
"125","7","ETtkIW","Bigfoot",1.86100953634399,2.03104851386712,0.120248390126876
"126","7","eyYenc","Bigfoot",1.86100953634399,2.03104851386712,0.120248390126876
"127","7","ygAzC9","Bigfoot",1.86100953634399,2.03104851386712,0.120248390126876
"128","7","aztnLa","Bigfoot",1.86100953634399,2.03104851386712,0.120248390126876
"129","7","DJcbV1","Bigfoot",1.86100953634399,2.03104851386712,0.120248390126876
"130","7","pdLPeS","Bigfoot",1.86100953634399,2.03104851386712,0.120248390126876
"131","7","Rx4Dnt","Bigfoot",1.86100953634399,2.03104851386712,0.120248390126876
"132","7","ysyw2P","Bigfoot",1.86100953634399,2.03104851386712,0.120248390126876
"133","7","4sdq0d","Bigfoot",1.86100953634399,2.03104851386712,0.120248390126876
"134","7","1UhodH","Bigfoot",1.86100953634399,2.03104851386712,0.120248390126876
"135","7","IphbdN","Bigfoot",1.86100953634399,2.03104851386712,0.120248390126876
"136","7","8PsCAg","Bigfoot",1.86100953634399,2.03104851386712,0.120248390126876
"137","7","ER2JSs","Bigfoot",1.86100953634399,2.03104851386712,0.120248390126876
"138","7","2CRlqm","Bigfoot",1.86100953634399,2.03104851386712,0.120248390126876
"139","19","qUIYuC","Bigfoot",0.436267469163039,2.03104851386712,0.251201868289573
"140","7","9HcWSd","Bigfoot",1.86100953634399,2.03104851386712,0.120248390126876
"141","7","dapUuF","Bigfoot (2016)",1.86100953634399,2.03104851386712,0.120248390126876
"142","7","AFNvz4","Bigfoot (2018)",1.86100953634399,2.03104851386712,0.120248390126876
"143","7","0T4pOY","Bigfoot Barrel-Aged",1.86100953634399,2.03104851386712,0.120248390126876
"144","15","Rxu5Bd","Bing Bing",0.911181491556689,0.217071807682988,-0.447216681911477
"145","7","BJymUV","Bitter Oats",1.9797380419424,1.37142062070925,-0.534519000686608
"146","5","gLBFNH","Bitter Over Ewe",-0.157375058829022,-0.662432049860835,-0.359914363136346
"147","3","tLwMOd","Black Brew Bae",0.911181491556689,0.134618321038254,1.7353412874668
"148","17","pkEofb","Black Cat Porter",-0.751017586821084,-0.689916545409079,1.08057389665332
"149","16","yxUgyc","Black Cat Stout",0.317538963564627,0.409463276520699,2.17185288134246
"150","8","4fKoj3","Black Crown",-0.798508989060449,-0.772370032053813,-0.447216681911477
"151","3","yoGDFl","Black Eye PA",0.911181491556689,0.134618321038254,1.7353412874668
"152","15","kZadFf","Black IPA",0.911181491556689,0.217071807682988,-0.447216681911477
"153","15","fyj05b","Black IPA",0.911181491556689,0.217071807682988,-0.447216681911477
"154","9","HSChH3","Black Lager (Hatchery Series Release #3)",-1.130948804736,-0.964761500891524,0.38215534645227
"155","3","E6kkPh","Black Mad Hatter India Pale Ale",0.911181491556689,0.134618321038254,1.7353412874668
"156","18","ja4TBb","Black Mamba",-0.751017586821084,0.876699700840855,0.207550708902008
"157","17","NgU9h0","Black Shack Porter",-0.394832070025847,-0.415071589926635,1.29882969359115
"158","19","Du7C2e","Black Tulip",-0.394832070025847,1.09657566522681,-0.752774797624436
"159","17","i0Hy6x","Black Vapor",-0.703526184581719,-1.15715296972923,1.08057389665332
"160","17","fekpJv","Blackstrap Fever",-0.751017586821084,-0.689916545409079,1.08057389665332
"161","18","QFJ250","Blantons Barrel Aged Scotch Ale",-0.513560575624259,0.327009789875965,0.644062302777664
"162","3","d16niD","Blindfold",0.911181491556689,0.134618321038254,1.7353412874668
"163","18","24mTU2","Blizzicane Bock",-0.751017586821084,0.217071807682988,0.862318099715492
"164","4","95tyDm","Blonde Ale",-0.988474598017909,-1.10218397863275,-0.883728275787133
"165","7","IlrJbh","Blood Shot",1.38609551395034,1.48135860290223,-0.228960884973649
"166","18","wzCyVT","Blue",-0.157375058829022,0.409463276520699,1.08057389665332
"167","15","bK4vxh","Blue Dream",0.911181491556689,0.217071807682988,-0.447216681911477
"168","9","oYED15","Blue Ridge Red",-0.798508989060449,-1.23960645637397,-0.0543562474233861
"169","18","932XO8","Blueberry Ale",-0.157375058829022,0.409463276520699,1.08057389665332
"170","18","WTmAem","Blueberry Porter",-0.157375058829022,0.409463276520699,1.08057389665332
"171","10","l7Dmxe","Blueberry Saison",-0.513560575624259,-0.00280415670296819,-0.534519000686608
"172","6","5LwuwE","Bob White",-1.29716871257378,-0.827339023150302,-1.0583329133374
"173","10","qpPzL7","Bobolink",-0.513560575624259,-0.00280415670296819,-0.534519000686608
"174","1","vmmRA5","Bohemian Dock Street Pilsner",-0.394832070025847,-1.10218397863275,-1.01468175394983
"175","18","75agIj","Bolivia Newton John",-0.632289081222672,0.409463276520699,1.21152737481602
"176","10","HgMkeg","Bonnaroo Brew",-0.513560575624259,-0.00280415670296819,-0.534519000686608
"177","15","AEFy0R","Boomerang",0.911181491556689,0.217071807682988,-0.447216681911477
"178","5","QdPbTF","Born Yesterday",-0.22861216218807,-0.799854527602057,-0.447216681911477
"179","16","NU4qr0","Bosden",0.317538963564627,0.409463276520699,2.17185288134246
"180","15","Yjd19k","Bottle Rocket IPA",0.911181491556689,0.217071807682988,-0.447216681911477
"181","12","yORSh7","Bourbon Barrel Aged Imperial Stout",1.14863850275351,1.6462655761917,2.17185288134246
"182","12","giziAd","Bourbon Barrel Aged Imperial Stout With Coffee",1.14863850275351,1.6462655761917,2.17185288134246
"183","12","t28a6A","Brandy Barrel-Aged Ten Fidy",1.14863850275351,1.6462655761917,2.17185288134246
"184","10","PRRZBx","Brass & Blues",-0.513560575624259,-0.00280415670296819,-0.534519000686608
"185","14","hImGQV","Braupakt",-1.34466011481315,-0.717401040957324,-0.796425957012002
"186","12","KuiKeS","Breakfast At Chicos",0.0800819523678023,1.6462655761917,2.17185288134246
"187","15","pZEIiV","Breck IPA",0.911181491556689,0.217071807682988,-0.447216681911477
"188","5","IkgmFq","Breckenridge Christmas Ale",0.198810457966215,-0.332618103281901,-0.447216681911477
"189","15","RcyKuX","Bretthead",0.911181491556689,0.217071807682988,-0.447216681911477
"190","11","bMv56j","Brewery Lane Series: Biere De Garde",-0.751017586821084,-0.14022663444419,-0.272612044361214
"191","16","9slIEB","Broken Vow",0.0800819523678023,0.546885754261921,2.17185288134246
"192","15","CRw8Gu","Brown Eyed Buckeye",0.911181491556689,0.217071807682988,-0.447216681911477
"193","5","TpiDMC","Brown Shugga'",0.198810457966215,-0.332618103281901,-0.447216681911477
"194","5","d2nhC0","Brown's Point ESB",-0.157375058829022,-0.662432049860835,-0.359914363136346
"195","10","P3fflp","Bubbly Wit",-0.869746092419496,0.217071807682988,-0.840077116399567
"196","2","8MMa77","Bud Dry",-1.58211712600997,-1.40451342966343,-1.0583329133374
"197","18","W2dlxg","Bud Extra",-0.157375058829022,0.409463276520699,1.08057389665332
"198","13","qGhR1j","Bud Ice",-1.43964291929188,-1.01973049198801,-0.971030594562264
"199","13","SaQFBA","Bud Ice Light",-1.43964291929188,-1.01973049198801,-0.971030594562264
"200","2","dimtrs","Bud Light",-1.58211712600997,-1.40451342966343,-1.0583329133374
"201","2","Abbvjh","Bud Light Apple",-1.58211712600997,-1.40451342966343,-1.0583329133374
"202","18","Dvucvo","Bud Light Blends Lemon",-0.157375058829022,0.409463276520699,1.08057389665332
"203","2","t9aucT","Bud Light Chelada",-1.58211712600997,-1.40451342966343,-1.0583329133374
"204","10","4zruzt","Bud Light Golden Wheat",-0.869746092419496,0.217071807682988,-0.840077116399567
"205","2","MzoCPz","Bud Light Lime",-1.58211712600997,-1.40451342966343,-1.0583329133374
"206","2","WQsARu","Bud Light Orange",-1.58211712600997,-1.40451342966343,-1.0583329133374
"207","2","hd8yE8","Bud Light Platinum",-1.58211712600997,-1.40451342966343,-1.0583329133374
"208","18","LXWiDB","Bud Light Radler - Grapefuit",-0.157375058829022,0.409463276520699,1.08057389665332
"209","18","doijNb","Buddha's Hand - Mountain Series",-0.157375058829022,0.409463276520699,1.08057389665332
"210","13","1P45iR","Budweiser",-1.51088002265092,-1.15715296972923,-1.0583329133374
"211","8","ueYGTP","Budweiser 1933 Repeal Reserve",-0.798508989060449,-0.772370032053813,-0.447216681911477
"212","5","hlynwj","Budweiser American Ale",-0.276103564427435,-0.689916545409079,-0.0543562474233861
"213","13","eW9IJb","Budweiser Chelada",-1.51088002265092,-1.15715296972923,-1.0583329133374
"214","8","mobjLC","Budweiser Copper Lager",-0.798508989060449,-0.772370032053813,-0.447216681911477
"215","8","bQk5Rn","Budweiser Freedom Reserve",-0.798508989060449,-0.772370032053813,-0.447216681911477
"216","2","G2Vi1J","Budweiser Select",-1.58211712600997,-1.40451342966343,-1.0583329133374
"217","18","BbrPm8","Buffalo Trace Aged Scotch Ale",-0.513560575624259,0.327009789875965,0.644062302777664
"218","16","dRIuaV","Bulleit Bourbon Ten Fidy",0.198810457966215,0.546885754261921,2.17185288134246
"219","16","5ON8OO","Bulleit Bourbon Ten Fidy",0.198810457966215,0.546885754261921,2.17185288134246
"220","13","QhHBBX","Busch",-1.51088002265092,-1.15715296972923,-1.0583329133374
"221","14","fKinUP","Busch Ice",-1.29716871257378,-0.552494067667857,-0.883728275787133
"222","2","30zzKy","Busch Light",-1.58211712600997,-1.40451342966343,-1.0583329133374
"223","13","vNwXnT","Busch Signature Copper Lager",-1.51088002265092,-1.15715296972923,-1.0583329133374
"224","17","zYJxUM","Cabin Fever",-0.276103564427435,-0.717401040957324,0.469457665227401
"225","9","9OyQXs","California Black Beer",-1.130948804736,-0.964761500891524,0.38215534645227
"226","17","qa1QZU","Cappuccino Stout",-0.988474598017909,-1.10218397863275,2.17185288134246
"227","14","04k0TG","Casper The Friendly Gose",-1.34466011481315,-0.88230801424679,-0.796425957012002
"228","5","PLnqH7","Celebration Ale 1992",-0.22861216218807,-0.799854527602057,-0.447216681911477
"229","5","v5a7l8","Celebrator Beer News",0.198810457966215,-0.332618103281901,-0.447216681911477
"230","5","lyc9as","Censored (Kronik)",-0.276103564427435,-0.689916545409079,-0.0543562474233861
"231","5","tZkS7X","Censored Imperial Stout",-0.276103564427435,-0.689916545409079,-0.0543562474233861
"232","5","GboTWT","Censored Rich Copper Ale",-0.276103564427435,-0.689916545409079,-0.0543562474233861
"233","8","zd3xxc","Centennial Hop Mountain Marzen (Batch No. 80524)",-0.751017586821084,-0.497525076571368,-0.490867841299042
"234","10","1C793t","Centennial Saison",-0.513560575624259,-0.00280415670296819,-0.534519000686608
"235","17","1t3vFB","Chai Porter",-0.751017586821084,-0.689916545409079,1.08057389665332
"236","8","guH320","Chaka",-0.751017586821084,-0.827339023150302,-0.534519000686608
"237","7","Ontrer","Chardonnay Barrel G'Knight",1.38609551395034,1.48135860290223,-0.228960884973649
"238","18","ct0Hxz","Charkoota Rye",-0.893491793539179,0.409463276520699,0.513108824614967
"239","18","lUt8yP","Charkoota Rye",-0.893491793539179,0.409463276520699,0.513108824614967
"240","4","qqOqX9","Chernigivske White",-0.869746092419496,-1.10218397863275,-0.709123638236871
"241","7","LkfL1Y","Cherry Chocolate Stout",1.9797380419424,1.37142062070925,-0.534519000686608
"242","16","wIRsU0","Cherry Vanilla Stout",0.317538963564627,0.409463276520699,2.17185288134246
"243","18","3wh93y","Chewbocka",-0.751017586821084,0.217071807682988,0.862318099715492
"244","5","Z10a03","Chico King - Beer Camp Across America",-0.22861216218807,-0.799854527602057,-0.447216681911477
"245","12","dnUKxu","Chocolate Chili Stout - High Altitude Series",1.14863850275351,1.6462655761917,2.17185288134246
"246","18","T1YdsG","Chocolate Pretzel Stout",-0.632289081222672,0.409463276520699,1.51708549052898
"247","16","x71Neo","Chocolate Stout (Cask Conditioned) Aka Double Chocolate Snowman Stout",0.317538963564627,0.409463276520699,2.17185288134246
"248","7","EBgR2m","Choice Make Good",1.9797380419424,1.37142062070925,-0.534519000686608
"249","18","zpvlri","Christmas Chub",-0.157375058829022,0.409463276520699,1.08057389665332
"250","6","oEiXJV","Christmas Jam",-0.988474598017909,-1.0746994830845,-1.14563523211253
"251","16","Hh3VFp","Cinnister Stout",0.317538963564627,0.409463276520699,2.17185288134246
"252","15","iTZlLw","Citra IPL",0.911181491556689,0.217071807682988,-0.447216681911477
"253","5","yQqOSf","Citra Pale Ale",-0.22861216218807,-0.799854527602057,-0.447216681911477
"254","2","tMseDR","Citrus And Vanilla Berlinerweisse",-1.72459133272807,-1.87174985398359,-1.0583329133374
"255","5","8pAabO","CitruSinensis",-0.22861216218807,-0.799854527602057,-0.447216681911477
"256","4","3dsDxX","Clean Sweep",-0.988474598017909,-1.10218397863275,-0.883728275787133
"257","10","CtLLsH","Coco Nuts",-0.513560575624259,-0.00280415670296819,-0.534519000686608
"258","12","mXym9s","Coffee Stout",0.0800819523678023,1.6462655761917,2.17185288134246
"259","18","gfFqa1","Cold Nose Winter Ale",0.317538963564627,0.546885754261921,0.513108824614967
"260","6","qhppip","Collabinator Wit",-1.29716871257378,-0.827339023150302,-1.0583329133374
"261","15","h2d5zt","Conehead",0.911181491556689,0.217071807682988,-0.447216681911477
"262","10","a1DUfG","Cool Breeze",-0.513560575624259,-0.00280415670296819,-0.534519000686608
"263","13","sghlNk","Cornlaboration",-1.51088002265092,-1.15715296972923,-1.0583329133374
"264","16","uycrg9","Corsair Buckwheat Porter",0.0800819523678023,0.546885754261921,2.17185288134246
"265","5","ehb1eB","Country Pale Ale",-0.22861216218807,-0.799854527602057,-0.447216681911477
"266","6","C7bzqV","Cranberry Kolsch",-0.917237494658861,-0.799854527602057,-0.883728275787133
"267","4","bHmQdD","Crank Tank",-0.869746092419496,-1.10218397863275,-0.709123638236871
"268","9","FDpmPR","Crank Tank Rye'd Ale",-1.10720310361632,-1.15715296972923,0.0329460713517451
"269","17","BkSzxg","Cream Ale",-0.988474598017909,-1.10218397863275,2.17185288134246
"270","6","xwLUUb","Cream Ale",-1.17844020697537,-0.88230801424679,-1.01468175394983
"271","5","537zpn","Credits & Debits",-0.22861216218807,-0.799854527602057,-0.447216681911477
"272","5","S1oEH9","CSB ESB",-0.157375058829022,-0.662432049860835,-0.359914363136346
"273","19","AvtUms","Cubcrawler",0.317538963564627,1.37142062070925,-0.0543562474233861
"274","11","nF8WBb","Cuvee Mam'zelle",-0.988474598017909,-0.470040581023124,0.0765972307393107
"275","19","rDnNdd","Cuvee Soeur¡¯ise",-0.394832070025847,1.09657566522681,-0.752774797624436
"276","4","nFcIwJ","D07",-0.869746092419496,-1.10218397863275,-0.709123638236871
"277","5","iT9pf4","Dale's Pale Ale",-0.22861216218807,-0.799854527602057,-0.447216681911477
"278","5","2ADEYR","Dale's Pale Ale Nitro",-0.22861216218807,-0.799854527602057,-0.447216681911477
"279","5","JDzrBR","Dales Dry Hop Equinox",-0.22861216218807,-0.799854527602057,-0.447216681911477
"280","5","vXifKs","Dales T45 Dry Hop",-0.22861216218807,-0.799854527602057,-0.447216681911477
"281","5","XrRTUJ","Dales T90 Dry Hop",-0.22861216218807,-0.799854527602057,-0.447216681911477
"282","7","6gFiUn","Dank Tank Border Hopper",1.9797380419424,1.37142062070925,-0.534519000686608
"283","19","LR5oG8","Dank Tank BSP Quad",-0.157375058829022,2.74564539812148,-0.0980074068109518
"284","7","69tWZj","Dank Tank Ghoulash",1.9797380419424,1.37142062070925,-0.534519000686608
"285","1","BlcFcv","Dank Tank Magnum IP",-0.157375058829022,-1.10218397863275,-0.883728275787133
"286","12","ARoWVg","Dank Tank Old Man Johnson's Farm",1.14863850275351,1.6462655761917,2.17185288134246
"287","17","ov7fgF","Dank Tank Pulled Porter",-0.751017586821084,-0.689916545409079,1.08057389665332
"288","7","DEojxv","Dank Tank Red Hot Mama",1.38609551395034,1.48135860290223,-0.228960884973649
"289","18","9nXV0D","Dank Tank The Price is Wrong",-0.276103564427435,1.37142062070925,0.600411143390098
"290","15","zc3p4y","Dank Tank: Smokey and the Brett",0.911181491556689,0.217071807682988,-0.447216681911477
"291","3","x3ijRg","Dank Tank: Some Strange II Black IPA",0.911181491556689,0.134618321038254,1.7353412874668
"292","17","sqELhU","Dark Knight",-0.751017586821084,-0.689916545409079,1.08057389665332
"293","13","XVWs1B","Dark Wheat",-1.43964291929188,-1.01973049198801,-0.971030594562264
"294","10","6f6SpY","Das Bij",-0.513560575624259,-0.00280415670296819,-0.534519000686608
"295","18","24UMt9","Davey Murray's Best Scotch Ale",-0.513560575624259,0.327009789875965,0.644062302777664
"296","9","bwmm73","Daytona Dark Wheat Lager (Batch No. 32218)",-1.130948804736,-0.964761500891524,0.38215534645227
"297","17","HXVdFT","Death By Coconut",-0.751017586821084,-0.689916545409079,1.08057389665332
"298","16","TQaDOh","Death By Coconut (Rum Barrel Aged)",0.0800819523678023,0.546885754261921,2.17185288134246
"299","8","7Tfy0M","Demon Brewn",-0.751017586821084,-0.827339023150302,-0.534519000686608
"300","17","ABAHdk","Deuce",-0.276103564427435,-0.717401040957324,0.469457665227401
"301","3","4nRKTH","DevESTATEtion",0.911181491556689,0.134618321038254,1.7353412874668
"302","15","7dkC8e","Deviant Dale¡¯s",0.911181491556689,0.217071807682988,-0.447216681911477
"303","7","RDEj6L","Devil Dog Imperial IPA",1.9797380419424,1.37142062070925,-0.534519000686608
"304","7","3XBmmp","Devils Double",1.9797380419424,1.37142062070925,-0.534519000686608
"305","7","kK34fk","Diggler Double IPA",1.9797380419424,1.37142062070925,-0.534519000686608
"306","15","cOSoch","Dire Wolf",0.911181491556689,0.217071807682988,-0.447216681911477
"307","4","bHDV83","Dirty Blonde Ale",-0.988474598017909,-1.10218397863275,-0.883728275787133
"308","12","XWveu5","Dock Street Walker",0.0800819523678023,1.6462655761917,2.17185288134246
"309","10","NE2Dpl","Dogs of Helles",-0.561051977863624,0.272040798779476,-0.709123638236871
"310","15","aabOus","DogZilla Black IPA",0.911181491556689,0.217071807682988,-0.447216681911477
"311","5","gEUoCZ","Doppel Sticky",-0.109883656589657,-0.88230801424679,-0.0107050880358205
"312","14","CMvItN","Doppel Weizen",-1.34466011481315,-0.717401040957324,-0.796425957012002
"313","18","hn9LIa","Doppelbock",-0.893491793539179,0.409463276520699,0.513108824614967
"314","18","0I5b84","Double DeBOCKel",-0.893491793539179,0.409463276520699,0.513108824614967
"315","17","LVSSPk","Double Latte - Beer Camp Across America",-0.988474598017909,-1.10218397863275,2.17185288134246
"316","12","WHQisc","Dragon's Milk",1.14863850275351,1.6462655761917,2.17185288134246
"317","12","ZDbYzs","Dragon's Milk Reserve Coconut Rum",1.14863850275351,1.6462655761917,2.17185288134246
"318","12","uhfEWi","Dragon's Milk Reserve Mexican Spice Cake",1.14863850275351,1.6462655761917,2.17185288134246
"319","12","Vuhegf","Dragon's Milk Reserve Triple-Mashed",1.14863850275351,1.6462655761917,2.17185288134246
"320","12","RXEBYd","Dragon's Milk Reserve Vanilla Chai",1.14863850275351,1.6462655761917,2.17185288134246
"321","12","HHG2Nn","Dragon's Milk Reserve with Coffee And Chocolate",1.14863850275351,1.6462655761917,2.17185288134246
"322","12","ndgIxK","Dragon's Milk Reserve with S'mores",1.14863850275351,1.6462655761917,2.17185288134246
"323","12","2wvRmF","Dragon's Milk Reserve with Toasted Chilies",1.14863850275351,1.6462655761917,2.17185288134246
"324","12","BnYgKN","Dragon's Milk Reserve with Vanilla Chai",1.14863850275351,1.6462655761917,2.17185288134246
"325","12","IpcSsv","Dragon's Milk Reserve: Brewer's Select",1.14863850275351,1.6462655761917,2.17185288134246
"326","12","ZJJ8yY","Dragon's Milk Reserve: Cherry Chocolate",1.14863850275351,1.6462655761917,2.17185288134246
"327","12","8lo5KQ","Dragon's Milk Reserve: Mexican Spice Cake",1.14863850275351,1.6462655761917,2.17185288134246
"328","12","fMn3Hq","Dragon's Milk Reserve: Salted Caramel",1.14863850275351,1.6462655761917,2.17185288134246
"329","12","3tlrAU","Dragon¡¯s Milk Reserve: Banana Coconut",1.14863850275351,1.6462655761917,2.17185288134246
"330","12","UTh8Gm","Dragon¡¯s Milk Reserve: Mocha Mint",1.14863850275351,1.6462655761917,2.17185288134246
"331","5","4GgbWG","Draught-Style Pale Ale",-0.22861216218807,-0.799854527602057,-0.447216681911477
"332","15","1LvpyW","Drink This IPA",0.911181491556689,0.217071807682988,-0.447216681911477
"333","1","4iQV5k","Dry Hopped Coastal Pilsner (Batch No. 23185)",-0.394832070025847,-0.552494067667857,-0.927379435174699
"334","16","hqQhp6","Dry Irish Stout",0.317538963564627,0.409463276520699,2.17185288134246
"335","18","utrZWH","Dubbel",-0.751017586821084,0.203329559908865,0.949620418490623
"336","4","RsTK7E","Dude of York",-0.632289081222672,-1.62438939404939,-0.578170160074174
"337","8","vzcxNZ","Dunkelweizen",-1.34466011481315,-0.772370032053813,-0.0543562474233861
"338","18","hKT9uI","Dunkelweizen Bock",-0.751017586821084,0.876699700840855,0.207550708902008
"339","18","nvaDvZ","Eagle Rare Barrel Aged Scotch Ale",-0.513560575624259,0.327009789875965,0.644062302777664
"340","5","AC98pm","Earth Day EPA",-0.157375058829022,-0.662432049860835,-0.359914363136346
"341","18","YBxI4X","El Mole Ocho",-0.157375058829022,0.409463276520699,1.08057389665332
"342","7","PSRi4b","Electric Ray",1.9797380419424,1.37142062070925,-0.534519000686608
"343","13","jBjeGJ","Electric Ray - Beer Camp Across America",-1.43964291929188,-1.01973049198801,-0.971030594562264
"344","18","OFYff7","Envious",-0.157375058829022,0.409463276520699,1.08057389665332
"345","5","DGhJbX","Equinox",-0.22861216218807,-0.799854527602057,-0.447216681911477
"346","10","ebYlhO","Eroica",-0.513560575624259,-0.00280415670296819,-0.534519000686608
"347","5","MtJRP6","ESB",-0.157375058829022,-0.662432049860835,-0.359914363136346
"348","5","TavGRG","ESB - Early Spring Beer",-0.22861216218807,-0.799854527602057,-0.447216681911477
"349","7","kusLBU","Existential",1.86100953634399,2.03104851386712,0.120248390126876
"350","7","Dn64tp","Experimental Hop Double IPA",1.9797380419424,1.37142062070925,-0.534519000686608
"351","1","z9eSax","EXPERIMENTAL HOP PILSNER",-0.394832070025847,-0.552494067667857,-0.927379435174699
"352","5","H20aOl","Extra ESB - Small Batch Series",-0.157375058829022,-0.662432049860835,-0.359914363136346
"353","17","35wxef","Extra Stout",-0.276103564427435,-1.15715296972923,2.17185288134246
"354","8","YViUzm","Extra Time",-0.751017586821084,-0.772370032053813,-0.0980074068109518
"355","7","xjwBeb","Fall Ball Red",1.38609551395034,1.48135860290223,-0.228960884973649
"356","17","JW5SJV","Family Values",-0.276103564427435,-0.717401040957324,0.469457665227401
"357","4","xXEmDi","Fandom Ale Fusion XXXIX",-0.869746092419496,-1.10218397863275,-0.709123638236871
"358","8","QefHZY","Farmhouse Hatter",-0.751017586821084,-0.827339023150302,-0.534519000686608
"359","15","xqbL8h","Fat Slim",0.911181491556689,0.217071807682988,-0.447216681911477
"360","8","KPu2Ot","Festival Bier",-0.751017586821084,-0.497525076571368,-0.490867841299042
"361","18","RsGMGn","Festive Ale",-0.157375058829022,0.409463276520699,1.08057389665332
"362","19","6fJQfz","Fils A Papa V",-0.394832070025847,1.09657566522681,-0.752774797624436
"363","12","ttJysx","Filthy Pumpkin",1.14863850275351,1.6462655761917,2.17185288134246
"364","5","9Ylplt","Fistful of Hops",-0.22861216218807,-0.799854527602057,-0.447216681911477
"365","15","ceP1Cs","Five Hop - Experimental IPA",0.911181491556689,0.217071807682988,-0.447216681911477
"366","5","ePh6fw","Flipside Red IPA",-0.276103564427435,-0.689916545409079,-0.0543562474233861
"367","15","OxvWPv","Floral IPA - Beer Camp #53",0.911181491556689,0.217071807682988,-0.447216681911477
"368","1","1XAbSf","Foam Pilsner",-0.394832070025847,-0.552494067667857,-0.927379435174699
"369","8","iYbsQ5","Fohn",-0.751017586821084,-0.772370032053813,-0.0980074068109518
"370","12","3wspDn","Foreign Extra Stout (Ghana)",0.673724480359864,1.6462655761917,1.08057389665332
"371","5","3nrJLN","Four Hopsmen - Comet Dry Hopped",-0.22861216218807,-0.799854527602057,-0.447216681911477
"372","5","g7a7Uo","Four Hopsmen - HBC 472",-0.22861216218807,-0.799854527602057,-0.447216681911477
"373","5","IRIveF","Four Hopsmen - Hop Head Farms Eperimental Dry Hopped",-0.22861216218807,-0.799854527602057,-0.447216681911477
"374","5","ul1jng","Four Hopsmen - Mandarina Bavaria Dry Hopped",-0.22861216218807,-0.799854527602057,-0.447216681911477
"375","8","VyWf1j","Four Roses Rompo",-1.34466011481315,-0.717401040957324,-0.0543562474233861
"376","10","N5lJcK","Four Witches<U+2028>",-0.513560575624259,-0.00280415670296819,-0.534519000686608
"377","10","rJ51vR","Freedom Tickler",-0.513560575624259,-0.00280415670296819,-0.534519000686608
"378","7","FVFucy","Fresh Hop Double IPA",1.9797380419424,1.37142062070925,-0.534519000686608
"379","15","1FBXjy","Fresh Hop IPA",0.911181491556689,0.217071807682988,-0.447216681911477
"380","5","t0iVWe","Fresh Hops of Bel-Air",-0.276103564427435,-0.689916545409079,-0.0543562474233861
"381","7","tDKmD5","Fresh Sticky Nugs",1.9797380419424,1.37142062070925,-0.534519000686608
"382","15","907FUe","Fugli",0.911181491556689,0.217071807682988,-0.447216681911477
"383","6","PsFAwd","Full Circle",-0.917237494658861,-0.799854527602057,-0.883728275787133
"384","8","AI17Hf","Fumble Brewski",-0.798508989060449,-0.772370032053813,-0.447216681911477
"385","6","CWqXDN","Fusion 16",-0.988474598017909,-1.0746994830845,-1.14563523211253
"386","17","w7z0LS","Fusion 17",-0.276103564427435,-0.717401040957324,0.469457665227401
"387","7","JoGCC1","Fusion 18",1.86100953634399,2.03104851386712,0.120248390126876
"388","7","hy7HsS","Fusion 20",1.9797380419424,1.37142062070925,-0.534519000686608
"389","15","HG1dy6","Fusion 21",0.911181491556689,0.217071807682988,-0.447216681911477
"390","15","Cn8hSH","Fusion 23",0.911181491556689,0.217071807682988,-0.447216681911477
"391","5","LVghwn","Fusion 24",-0.276103564427435,-0.689916545409079,-0.0543562474233861
"392","10","5iehRZ","Fusion 30",-0.869746092419496,0.217071807682988,-0.840077116399567
"393","15","GXDZpo","Fusion 32",0.911181491556689,0.217071807682988,-0.447216681911477
"394","17","cX0XkP","Fusion 34 Michiganja",-0.751017586821084,-0.689916545409079,1.08057389665332
"395","15","UFPFnA","Fusion 36: London Confusion",0.388776066923674,-0.277649112185413,-0.447216681911477
"396","5","GNtxMV","Fusion 39",-0.22861216218807,-0.799854527602057,-0.447216681911477
"397","7","dTCluj","Fusion 40",1.9797380419424,1.37142062070925,-0.534519000686608
"398","15","yZruL5","Fusion 48",0.911181491556689,0.217071807682988,-0.447216681911477
"399","15","vLTky5","Fusion 49",0.911181491556689,0.217071807682988,-0.447216681911477
"400","7","b65A4y","Fusion 9",1.9797380419424,1.37142062070925,-0.534519000686608
"401","15","7BGyan","Fuzzworthy",0.911181491556689,0.217071807682988,-0.447216681911477
"402","15","mUt5nB","G'Afternoon",0.911181491556689,0.217071807682988,-0.447216681911477
"403","7","69R1Vd","G'Knight",1.9797380419424,1.37142062070925,-0.534519000686608
"404","7","CU2xRZ","G'Knight (Breckenridge Whiskey Barrel Aged)",1.38609551395034,1.48135860290223,-0.228960884973649
"405","17","9cqNKc","Georgia Brown",-0.276103564427435,-0.717401040957324,0.469457665227401
"406","15","oLL7QN","German Style IPA",0.911181491556689,0.217071807682988,-0.447216681911477
"407","9","HiunCp","Gingerbread Old Chub",-1.17844020697537,-1.51445141185641,-0.0543562474233861
"408","10","oBALsi","Glissade Golden Bock",-0.561051977863624,0.272040798779476,-0.709123638236871
"409","7","VFG5pL","GnarlyWine",1.86100953634399,2.03104851386712,0.120248390126876
"410","15","jMQlvu","Goin' Coastal",0.911181491556689,0.217071807682988,-0.447216681911477
"411","4","8qafAu","Golden Ale",-0.988474598017909,-1.10218397863275,-0.883728275787133
"412","10","WCPtV5","Golden Cap Saison Ale",-0.513560575624259,-0.00280415670296819,-0.534519000686608
"413","1","ZVmIsO","Golden Flash",-0.513560575624259,-0.827339023150302,-0.883728275787133
"414","15","llmv40","Golden IPA",0.911181491556689,0.217071807682988,-0.447216681911477
"415","19","trEROu","Good Game",-0.157375058829022,2.74564539812148,-0.0980074068109518
"416","5","FocTXx","Goofer Dust",-0.22861216218807,-0.799854527602057,-0.447216681911477
"417","18","S3xcp2","Gr8ful Anniversary Ale",-0.157375058829022,0.409463276520699,1.08057389665332
"418","7","CwbQiB","Grand Royal",1.9797380419424,1.37142062070925,-0.534519000686608
"419","4","U7lF72","Grass Monkey",-0.869746092419496,-1.10218397863275,-0.709123638236871
"420","10","o4farp","Gravitation Collaboration",-0.561051977863624,0.272040798779476,-0.709123638236871
"421","18","Cj5RaA","Great Pumpkin",-0.157375058829022,0.409463276520699,1.08057389665332
"422","15","nPSHXY","Green Monsta IPA",0.911181491556689,0.217071807682988,-0.447216681911477
"423","1","DUmEEi","Green State Lager",-0.394832070025847,-0.552494067667857,-0.927379435174699
"424","13","GVNZZQ","Green Valley Wild Hop Lager",-1.43964291929188,-1.01973049198801,-0.971030594562264
"425","15","7gKo41","Grizzly Imperial Pale Ale",0.911181491556689,0.217071807682988,-0.447216681911477
"426","5","avUZok","Ground Score",-0.22861216218807,-0.799854527602057,-0.447216681911477
"427","11","56HXGK","GUARD de BEER",-0.751017586821084,-0.14022663444419,-0.272612044361214
"428","7","coUX1m","Gubna",1.9797380419424,1.37142062070925,-0.534519000686608
"429","7","pq9MUi","Gubna Barrel Aged",1.9797380419424,1.37142062070925,-0.534519000686608
"430","7","2YWln7","Gubna Imperial IPA",1.9797380419424,1.37142062070925,-0.534519000686608
"431","16","NamZiK","Guinness 250th Anniversary Stout",0.317538963564627,0.409463276520699,2.17185288134246
"432","17","Yq3v6n","Guinness Black Lager",-0.703526184581719,-1.15715296972923,1.08057389665332
"433","13","qbeSzR","Guinness Blonde",-1.51088002265092,-1.15715296972923,-1.0583329133374
"434","17","StkEiv","Guinness Draught",-0.276103564427435,-1.15715296972923,2.17185288134246
"435","16","gkSM7N","Guinness Dublin Porter",0.198810457966215,0.546885754261921,2.17185288134246
"436","16","K2qBGW","Guinness Extra Stout",0.317538963564627,0.409463276520699,2.17185288134246
"437","16","J9xszw","Guinness Foreign Extra",0.198810457966215,0.546885754261921,2.17185288134246
"438","9","c9u7Eo","Guinness Generous Ale",-0.798508989060449,-1.23960645637397,-0.0543562474233861
"439","17","Ia4uJ0","Guinness Milk Stout",-0.988474598017909,-1.10218397863275,2.17185288134246
"440","15","8LowIZ","Guinness Nitro IPA",0.911181491556689,0.217071807682988,-0.447216681911477
"441","17","JfC6wN","Guinness Red Harvest Stout",-0.276103564427435,-1.15715296972923,2.17185288134246
"442","16","unQfZE","Guinness Special Export",0.198810457966215,0.546885754261921,2.17185288134246
"443","17","FAIsfG","Guinness West Indies Porter",-0.751017586821084,-0.689916545409079,1.08057389665332
"444","18","hf0GB8","Hairy Highlander",-0.513560575624259,0.327009789875965,0.644062302777664
"445","12","4BzAQE","Happy Ending",1.14863850275351,1.6462655761917,2.17185288134246
"446","12","Hb6O3U","Happy Ending",1.14863850275351,1.6462655761917,2.17185288134246
"447","2","NRRfYP","Harbin Lager",-0.988474598017909,-1.89923434953184,-1.0583329133374
"448","9","CD9BLy","Harmon Killerbrew",-0.798508989060449,-1.23960645637397,-0.0543562474233861
"449","13","ztJYpI","Harp Lager",-1.43964291929188,-1.01973049198801,-0.971030594562264
"450","13","Yzokxa","Harp Premium Imported Lager",-1.43964291929188,-1.01973049198801,-0.971030594562264
"451","5","eIZS7k","Harvest Ale",-0.22861216218807,-0.799854527602057,-0.447216681911477
"452","5","GGaceU","Harvest Ale 2007",-0.22861216218807,-0.799854527602057,-0.447216681911477
"453","15","YEIMmF","Harvest Brewers Select IPA",0.911181491556689,0.217071807682988,-0.447216681911477
"454","15","CU1fkx","Harvest Newly Developed Hop IPA (2015)",0.911181491556689,0.217071807682988,-0.447216681911477
"455","15","peyS4P","Harvest Single Hop IPA - Equinox Hops",0.911181491556689,0.217071807682988,-0.447216681911477
"456","15","0oHOZv","Harvest Single Hop IPA - Idaho 7 Varietal",0.911181491556689,0.217071807682988,-0.447216681911477
"457","15","zGsXaD","Harvest Single Hop Mandarina Hops",0.911181491556689,0.217071807682988,-0.447216681911477
"458","15","FK6HtH","Harvest Single Hop Yakima #291",0.911181491556689,0.217071807682988,-0.447216681911477
"459","15","Mx9jQm","Harvest Wild Hop IPA - Neomexicanus Varietal",0.911181491556689,0.217071807682988,-0.447216681911477
"460","17","0s57EN","Hash Brown",-0.276103564427435,-0.717401040957324,0.469457665227401
"461","17","Oawv0J","Hatchery series #4 Chocolate Milk Stout",-0.988474598017909,-1.10218397863275,2.17185288134246
"462","15","JzAHi3","Hatchery Series #5 - NE Style IPA",0.911181491556689,0.217071807682988,-0.447216681911477
"463","15","ygnsjS","Hatchery Series 1 - Mosaic Hop IPA",0.911181491556689,0.217071807682988,-0.447216681911477
"464","4","LnzGvI","Hatchery Series Release #6: Golden Summer Ale",-0.988474598017909,-1.10218397863275,-0.883728275787133
"465","15","b601KW","Hazy Little Thing",0.911181491556689,0.217071807682988,-0.447216681911477
"466","15","tuyIzW","Hazy Memory",0.911181491556689,0.217071807682988,-0.840077116399567
"467","14","QFOApS","Hefe Proper Ale",-1.34466011481315,-0.717401040957324,-0.796425957012002
"468","14","5LHS1h","Hefeweizen",-1.34466011481315,-0.717401040957324,-0.796425957012002
"469","14","zD2FYX","Hefeweizen",-1.34466011481315,-0.717401040957324,-0.796425957012002
"470","14","DsrVwL","Hibiscus Strawberry Gose",-1.34466011481315,-0.88230801424679,-0.796425957012002
"471","2","FW35fB","High Life Light",-1.58211712600997,-1.40451342966343,-1.0583329133374
"472","4","4U8cc8","High Sierra FestivAle",-0.988474598017909,-1.10218397863275,-0.883728275787133
"473","12","IDxKzR","High West-ified Imperial Coffee Stout",1.14863850275351,1.6462655761917,2.17185288134246
"474","15","C0Ax0o","Holiday Haze",0.911181491556689,0.217071807682988,-0.447216681911477
"475","3","blZIJW","Home Skillet",0.911181491556689,0.134618321038254,1.7353412874668
"476","4","afK7hW","Honey Blonde",-0.988474598017909,-1.10218397863275,-0.883728275787133
"477","7","YSLzio","Hop Bullet IPA",1.9797380419424,1.37142062070925,-0.534519000686608
"478","5","JOxnlJ","Hop Dog Harvest Pale Ale",-0.22861216218807,-0.799854527602057,-0.447216681911477
"479","15","kVKPX7","Hop Harmony",0.911181491556689,0.217071807682988,-0.447216681911477
"480","7","7HHwqy","Hop Hash",1.9797380419424,1.37142062070925,-0.534519000686608
"481","13","AAdvVo","Hop House Lager",-1.43964291929188,-1.01973049198801,-0.971030594562264
"482","15","kQiE9q","Hop Peak",0.911181491556689,0.217071807682988,-0.447216681911477
"483","7","Pni8Jo","Hop Stoopid",1.9797380419424,1.37142062070925,-0.534519000686608
"484","4","Rj8PxJ","Hopfenweisse",-0.869746092419496,-1.10218397863275,-0.709123638236871
"485","5","3neLUw","Hoppy Amber Ale - Mountain Series",-0.276103564427435,-0.689916545409079,-0.0543562474233861
"486","15","xcGtHr","Hoppy Anniversary IPA",0.911181491556689,0.217071807682988,-0.447216681911477
"487","15","x8Bv0f","Hoppy Floppy",0.911181491556689,0.217071807682988,-0.447216681911477
"488","10","EO71ZO","Hoppy Saison",-0.513560575624259,-0.00280415670296819,-0.534519000686608
"489","10","jbvl8b","Hoppy Saison Mancrush",-0.513560575624259,-0.00280415670296819,-0.534519000686608
"490","15","XFwk42","Hoppy Wheat IPA",0.911181491556689,0.217071807682988,-0.447216681911477
"491","7","sAQpBR","Hoptimum",1.9797380419424,1.37142062070925,-0.534519000686608
"492","7","KQDQgO","Hoptimum",1.9797380419424,1.37142062070925,-0.534519000686608
"493","15","nOFAoT","Hoptinite",0.911181491556689,0.217071807682988,-0.447216681911477
"494","7","Z1g2ua","Hoptronix",1.9797380419424,1.37142062070925,-0.534519000686608
"495","15","ZRujA6","Hotbox Coffee IPA",0.911181491556689,0.217071807682988,-0.447216681911477
"496","17","fOFhEa","Hotbox Coffee Porter",-0.751017586821084,-0.689916545409079,1.08057389665332
"497","6","IAP9Ye","Huckleberry Cream Ale",-1.17844020697537,-0.88230801424679,-1.01468175394983
"498","10","BceaoL","Hummer",-0.869746092419496,0.217071807682988,-0.840077116399567
"499","10","Da2apu","Hurricane",-1.10720310361632,0.203329559908865,-1.01468175394983
"500","10","ptlOzL","Hurricane High Gravity",-1.10720310361632,0.203329559908865,-1.01468175394983
"501","15","Oobtwc","IceyPA",0.911181491556689,0.217071807682988,-0.447216681911477
"502","18","qQTYZ8","Ichabod Pumpkin Ale",-0.157375058829022,0.409463276520699,1.08057389665332
"503","3","Wemgbs","Imperial Black IPA",0.911181491556689,0.134618321038254,1.7353412874668
"504","7","CtqQJb","Imperial Hatter",1.9797380419424,1.37142062070925,-0.534519000686608
"505","17","kSrchj","Imperial India Brown Ale",-0.276103564427435,-0.717401040957324,0.469457665227401
"506","16","AVcFA8","Imperial Pecan Porter",0.0800819523678023,0.546885754261921,2.17185288134246
"507","1","AdHXWs","Imperial Pils",-0.394832070025847,-0.552494067667857,-0.927379435174699
"508","1","dbN8in","Imperial Pilsner - Beer Camp #43",-0.394832070025847,-0.552494067667857,-0.927379435174699
"509","7","EpkUho","Imperial Plum IPA",1.9797380419424,1.37142062070925,-0.534519000686608
"510","18","uL3sSR","Imperial Pumpkin",-0.157375058829022,0.409463276520699,1.08057389665332
"511","9","8zibUO","Imperial Red Ale",-0.798508989060449,-1.23960645637397,-0.0543562474233861
"512","5","htbWwF","Imperial Red Ale",-0.276103564427435,-0.689916545409079,-0.0543562474233861
"513","7","meCiGU","Imperial Red Ale - Beer Camp #65",1.38609551395034,1.48135860290223,-0.228960884973649
"514","16","INJWpy","Imperial Stout",0.317538963564627,0.409463276520699,2.17185288134246
"515","12","oC1Ux4","Imperial Stout (Fudge And Sickle)",1.14863850275351,1.6462655761917,2.17185288134246
"516","7","xdvDOQ","Imperial White IPA - Brewery Lane Series",1.9797380419424,1.37142062070925,-0.534519000686608
"517","10","qpfWYm","India Farmhouse Ale",-0.513560575624259,-0.00280415670296819,-0.534519000686608
"518","5","gVynTw","India Pale Ale",-0.22861216218807,-0.799854527602057,-0.447216681911477
"519","15","3WxXFm","India Pale Ale IPA",0.911181491556689,0.217071807682988,-0.447216681911477
"520","15","yEe3T6","Interstate SMASH Express - Calypso",0.911181491556689,0.217071807682988,-0.447216681911477
"521","17","mFO6aU","Into the Woods",-0.276103564427435,-0.717401040957324,0.469457665227401
"522","15","si7pxG","IPA",0.911181491556689,0.217071807682988,-0.447216681911477
"523","15","DiM4QZ","IPA with Rosemary",0.911181491556689,0.217071807682988,-0.447216681911477
"524","4","Yuzbjs","Irish Wheat",-0.869746092419496,-1.10218397863275,-0.709123638236871
"525","18","mrLL4r","Jack's Pumpkin Spice Ale",-0.157375058829022,0.409463276520699,1.08057389665332
"526","18","EiBcm8","Jack-Ale-Lantern",-0.157375058829022,0.409463276520699,1.08057389665332
"527","16","V9x9qv","Jackalope Coffee Stout",0.317538963564627,0.409463276520699,2.17185288134246
"528","12","MFgb7Y","Javanilla Ten FIDY",1.14863850275351,1.6462655761917,2.17185288134246
"529","8","LIY58Q","Jazz Honkey Donkey-Weizen",-1.34466011481315,-0.772370032053813,-0.0543562474233861
"530","6","jNqqVQ","Jenny Scream Ale",-1.17844020697537,-0.88230801424679,-1.01468175394983
"531","2","KcLuc7","Johnny Berliner",-1.72459133272807,-1.87174985398359,-1.0583329133374
"532","7","gm9FbA","Johnny Hash - Dank Tank",1.9797380419424,1.37142062070925,-0.534519000686608
"533","15","NaTBQp","Juicy Dust",0.911181491556689,0.217071807682988,-0.447216681911477
"534","5","xw3Nti","Karaoke Fail",-0.22861216218807,-0.799854527602057,-0.447216681911477
"535","12","dNnIWw","Kate The Great Russian Imperial Stout",1.14863850275351,1.6462655761917,2.17185288134246
"536","14","JVv3qI","Kellerweis",-1.34466011481315,-0.717401040957324,-0.796425957012002
"537","6","P9Ly3t","Kilkenny Irish Cream Ale",-1.17844020697537,-0.88230801424679,-1.01468175394983
"538","15","OIKxkJ","Kill Ugly Radio",0.911181491556689,0.217071807682988,-0.447216681911477
"539","10","SDUD8m","King Cobra",-1.10720310361632,0.203329559908865,-1.01468175394983
"540","17","FNByFy","Knightro",-0.276103564427435,-1.15715296972923,2.17185288134246
"541","6","vuZYco","Kolsch",-0.917237494658861,-0.799854527602057,-0.883728275787133
"542","6","wkaQ3k","Kolsch Style Ale - Mountain Series",-0.917237494658861,-0.799854527602057,-0.883728275787133
"543","18","7x2tzn","Kolsch TEST DUMMIES",-0.157375058829022,0.409463276520699,1.08057389665332
"544","13","dWISHQ","Lagunator",-1.51088002265092,-1.15715296972923,-1.0583329133374
"545","15","iLlMCb","Lagunitas IPA",0.911181491556689,0.217071807682988,-0.447216681911477
"546","5","DwGaaX","Lagunitas Undercover Investigation Shut-Down Ale",-0.22861216218807,-0.799854527602057,-0.447216681911477
"547","7","QuJNYq","Larry",1.9797380419424,1.37142062070925,-0.534519000686608
"548","15","jZMQtq","Larry Imperial IPA",0.911181491556689,0.217071807682988,-0.447216681911477
"549","8","lj8S4n","Larry Triple Douple",-0.751017586821084,-0.827339023150302,-0.534519000686608
"550","5","QNucGY","Left Behind",-0.22861216218807,-0.799854527602057,-0.447216681911477
"551","15","Oklbuw","Leghorn Rye IPA",0.911181491556689,0.217071807682988,-0.447216681911477
"552","4","3Csw32","Liberty Blonde",-0.988474598017909,-1.10218397863275,-0.883728275787133
"553","13","vrGuPg","Liger Lager",-1.43964291929188,-1.01973049198801,-0.971030594562264
"554","15","2NsDUk","Light IPA",0.911181491556689,0.217071807682988,-0.447216681911477
"555","15","a29mU4","Little Birdy",0.911181491556689,0.217071807682988,-0.447216681911477
"556","5","jshi8D","Little Sumpin¡¯ Wild",-0.22861216218807,-0.799854527602057,-0.447216681911477
"557","5","XDaNfi","Little Wolf",-0.22861216218807,-0.799854527602057,-0.447216681911477
"558","15","DqTrrP","Lolo IPA",0.911181491556689,0.217071807682988,-0.447216681911477
"559","9","J183HL","London Calling",-1.22593160921473,-1.59690489850115,-0.228960884973649
"560","16","DmCMSF","London Calling English Porter Cask",0.0800819523678023,0.546885754261921,2.17185288134246
"561","15","epip51","Long Steam IPA",0.911181491556689,0.217071807682988,-0.447216681911477
"562","18","zDUkcd","Lost Dune",-0.157375058829022,0.409463276520699,1.08057389665332
"563","14","r1uQvZ","Lovebird Wheat",-1.34466011481315,-0.717401040957324,-0.796425957012002
"564","5","CWwxeR","Lucky 13",-0.276103564427435,-0.689916545409079,-0.0543562474233861
"565","15","eEWCFd","Lucky U IPA",0.911181491556689,0.217071807682988,-0.447216681911477
"566","15","SItgWZ","Lupu Lava Tropical IPA",0.911181491556689,0.217071807682988,-0.447216681911477
"567","7","c0okIY","Mad Catter",1.9797380419424,1.37142062070925,-0.534519000686608
"568","15","baONtD","Mad Hatter IPA",0.911181491556689,0.217071807682988,-0.447216681911477
"569","7","56hSxC","Madonna",1.9797380419424,1.37142062070925,-0.534519000686608
"570","10","CEVOre","Mai-nd-Bockling",-0.561051977863624,0.272040798779476,-0.709123638236871
"571","7","n8itvA","Maillard's Odyssey",1.38609551395034,1.48135860290223,-0.228960884973649
"572","1","xLOOss","Mama's Little Yella Pils",-0.394832070025847,-1.10218397863275,-1.01468175394983
"573","17","u0mJPG","Man Full of Trouble",-0.751017586821084,-0.689916545409079,1.08057389665332
"574","5","dS0wsG","Mango Mosaic Pale Ale",-0.22861216218807,-0.799854527602057,-0.447216681911477
"575","18","iNpc02","Maple Scotch-Style Ale",-0.513560575624259,0.327009789875965,0.644062302777664
"576","8","EWG6gq","Martzen",-0.917237494658861,-0.497525076571368,-0.490867841299042
"577","13","mjPDnq","Mash Appeal",-1.51088002265092,-1.15715296972923,-1.0583329133374
"578","15","fnqCGB","Maximus",0.911181491556689,0.217071807682988,-0.447216681911477
"579","6","RVXI4q","McKercher's Keller Kolsch",-0.917237494658861,-0.799854527602057,-0.883728275787133
"580","17","tupCCv","Mean Joe Bean",-0.751017586821084,-0.689916545409079,1.08057389665332
"581","5","2z4qK8","Michigan Awesome Hatter",-0.22861216218807,-0.799854527602057,-0.447216681911477
"582","15","TMp47T","Michigan Hatter",0.911181491556689,0.217071807682988,-0.447216681911477
"583","15","1j4prL","Mid Winter India Pale Ale",0.911181491556689,0.217071807682988,-0.447216681911477
"584","17","xrpjYO","Mighty Brown",-0.276103564427435,-0.717401040957324,0.469457665227401
"585","17","qxNOIk","Milk Stout",-0.988474598017909,-1.10218397863275,2.17185288134246
"586","2","JUjEnp","Miller Chill",-1.58211712600997,-1.40451342966343,-1.0583329133374
"587","13","ISlZaz","Miller Fortune",-1.43964291929188,-1.01973049198801,-0.971030594562264
"588","2","Y8Ar6h","Miller Genuine Draft",-1.58211712600997,-1.40451342966343,-1.0583329133374
"589","2","voS2xG","Miller High Life",-1.58211712600997,-1.40451342966343,-1.0583329133374
"590","2","KJIjyd","Miller Lite",-1.58211712600997,-1.40451342966343,-1.0583329133374
"591","2","yagN3u","Miller64",-1.58211712600997,-1.40451342966343,-1.0583329133374
"592","18","GWVXY3","Mocha Porter",-0.632289081222672,0.409463276520699,1.21152737481602
"593","10","qQw3dE","Monkey King",-0.513560575624259,-0.00280415670296819,-0.534519000686608
"594","10","JSTPos","Monkey King Saison Farmhouse Ale",-0.513560575624259,-0.00280415670296819,-0.534519000686608
"595","17","2FgZ04","Mountain Series: Salted Caramel Brown",-0.276103564427435,-0.717401040957324,0.469457665227401
"596","13","pPGV1H","Mountain Wheat",-1.43964291929188,-1.01973049198801,-0.971030594562264
"597","5","YWt2Ld","Moving To the Country",-0.22861216218807,-0.799854527602057,-0.447216681911477
"598","7","vpoGSw","Moxee-Moron",1.9797380419424,1.37142062070925,-0.534519000686608
"599","15","69Yqbc","Mozango",0.911181491556689,0.217071807682988,-0.447216681911477
"600","7","aWUHyv","Mozango (Fusion XXXI)",1.9797380419424,1.37142062070925,-0.534519000686608
"601","10","OPM4t8","Mt. Takhoma Blonde Ale",-0.869746092419496,0.217071807682988,-0.840077116399567
"602","9","Esu28L","Murphy's Law Red Ale",-0.798508989060449,-1.23960645637397,-0.0543562474233861
"603","8","S9QxGf","Myron's Walk - Beer Camp Across America",-0.751017586821084,-0.827339023150302,-0.534519000686608
"604","15","9XJBp9","Narconaut",0.911181491556689,0.217071807682988,-0.447216681911477
"605","12","Rg6aeS","Narwhal",1.14863850275351,1.6462655761917,2.17185288134246
"606","12","9Qr0BU","Narwhal Tawny Port Barrel Aged",1.14863850275351,1.6462655761917,2.17185288134246
"607","2","Xzoo8o","Natty Daddy",-1.58211712600997,-1.40451342966343,-1.0583329133374
"608","2","lFrwWQ","Natural Ice",-1.58211712600997,-1.40451342966343,-1.0583329133374
"609","2","NZakfr","Natural Light",-1.58211712600997,-1.40451342966343,-1.0583329133374
"610","15","TPdvZt","Neomixicanus",0.911181491556689,0.217071807682988,-0.447216681911477
"611","5","eI5fN2","New Dogtown Pale Ale",-0.22861216218807,-0.799854527602057,-0.447216681911477
"612","15","AXkM1P","New England IPA",0.911181491556689,0.217071807682988,-0.840077116399567
"613","19","tGCD2j","New Holland Brewing 20th Anniversary Ale",0.317538963564627,1.37142062070925,-0.0543562474233861
"614","12","Bl8SsD","New Holland Dragon's Milk (Bourbon Barrel Stout)",0.0800819523678023,1.6462655761917,2.17185288134246
"615","17","3PXm6h","Nib Sip Chub",-0.751017586821084,-0.689916545409079,1.08057389665332
"616","15","OXcz6Z","Nice Things IPA",0.911181491556689,0.217071807682988,-0.447216681911477
"617","3","sicuOa","Night Time",0.911181491556689,0.134618321038254,1.7353412874668
"618","12","qVUNwf","Night Tripper",1.14863850275351,1.6462655761917,2.17185288134246
"619","12","pDZET2","Night Tripper (2011)",1.14863850275351,1.6462655761917,2.17185288134246
"620","12","LOVCKl","Night Tripper Barrel Aged",1.14863850275351,1.6462655761917,2.17185288134246
"621","12","B0vbr1","Night Wish",1.14863850275351,1.6462655761917,2.17185288134246
"622","17","YrOqvr","Nitro Irish Stout",-0.276103564427435,-1.15715296972923,2.17185288134246
"623","15","ZliVSZ","Nitro Lucky U IPA",0.911181491556689,0.217071807682988,-0.447216681911477
"624","6","EkVPnE","Nitro Orange Cream Ale",-1.17844020697537,-0.88230801424679,-1.01468175394983
"625","17","l4L4RO","Nitro Series: Chocolate Orange Stout",-0.988474598017909,-1.10218397863275,2.17185288134246
"626","17","Cwuozg","Nitro Vanilla Porter (NVP)",-0.751017586821084,-0.689916545409079,1.08057389665332
"627","15","TOBHd9","No Middle Ground",0.911181491556689,0.217071807682988,-0.447216681911477
"628","6","NJL9oB","Noble Helles (Batch No. 32218)",-0.917237494658861,-0.827339023150302,-0.883728275787133
"629","13","kzcLek","Noble Hopped Lager (Batch No. 32218)",-1.51088002265092,-1.15715296972923,-1.0583329133374
"630","10","QD9dX7","Nooice",-0.513560575624259,-0.00280415670296819,-0.534519000686608
"631","1","he3yMK","Nooner Pilsner",-0.394832070025847,-0.552494067667857,-0.927379435174699
"632","15","OhhDEr","Nooner Session IPA",0.911181491556689,0.217071807682988,-0.447216681911477
"633","1","zdjQs9","Northdown",-0.513560575624259,-0.827339023150302,-0.883728275787133
"634","15","WCKkkd","Now You Know",0.911181491556689,0.217071807682988,-0.447216681911477
"635","17","00CxqR","Nut Brown Ale",-0.276103564427435,-0.717401040957324,0.469457665227401
"636","15","2EkHBG","NXS",0.911181491556689,0.217071807682988,-0.447216681911477
"637","7","BEFupD","NxS IPA",1.9797380419424,1.37142062070925,-0.534519000686608
"638","8","4QiGHK","O'Doul's Amber",-0.798508989060449,-0.772370032053813,-0.447216681911477
"639","7","N9aJxO","Oak Aged Mad Hatter India Pale Ale",1.9797380419424,1.37142062070925,-0.534519000686608
"640","9","Jio9R0","Oatmeal Stout",-0.513560575624259,-0.88230801424679,0.425806505839836
"641","9","1HeKZM","Oatmeal Stout - Beer Camp #45",-0.513560575624259,-0.88230801424679,0.425806505839836
"642","9","qACg0q","Oatmeal Stout <U+F078>",-0.513560575624259,-0.88230801424679,0.425806505839836
"643","18","s5V8YM","Obliterator",-0.893491793539179,0.409463276520699,0.513108824614967
"644","8","cJvlzs","Octoberfest",-0.917237494658861,-0.497525076571368,-0.490867841299042
"645","13","oBponF","Oculto",-1.51088002265092,-1.15715296972923,-1.0583329133374
"646","10","798rjW","Oh Saisonna",-0.513560575624259,-0.00280415670296819,-0.534519000686608
"647","8","ADXvig","Oktober-Fiesta",-0.798508989060449,-0.772370032053813,-0.447216681911477
"648","8","Pwu2fR","Oktoberfest",-0.751017586821084,-0.497525076571368,-0.490867841299042
"649","8","Q5y7v5","Oktoberfest",-0.751017586821084,-0.497525076571368,-0.490867841299042
"650","8","42fXwv","Oktoberfest",-0.751017586821084,-0.497525076571368,-0.490867841299042
"651","1","EcAeVx","Oktoberfest",-0.703526184581719,-0.552494067667857,-0.971030594562264
"652","8","sfHgoE","Oktoberfest",-0.751017586821084,-0.497525076571368,-0.490867841299042
"653","1","KGaPva","Oktoberfest",-0.703526184581719,-0.552494067667857,-0.971030594562264
"654","1","twBPib","Oktoberfest",-0.703526184581719,-0.552494067667857,-0.971030594562264
"655","8","YUVOGh","Oktoberfest Marzen Lager",-0.751017586821084,-0.497525076571368,-0.490867841299042
"656","18","lr1zya","Old Ale",0.317538963564627,0.546885754261921,0.513108824614967
"657","5","jChDlj","Old Chico Crystal Wheat",-0.22861216218807,-0.799854527602057,-0.447216681911477
"658","5","Uz0Uxf","Old Chico ESB",-0.157375058829022,-0.662432049860835,-0.359914363136346
"659","18","kGli9E","Old CHico Pale Bock",-0.751017586821084,0.217071807682988,0.862318099715492
"660","18","KmsdoV","Old Chub",-0.513560575624259,0.327009789875965,0.644062302777664
"661","18","9bNjNs","Old Chub Nitro",-0.513560575624259,0.327009789875965,0.644062302777664
"662","7","lFMs56","Old Double Bagger Barleywine",1.86100953634399,2.03104851386712,0.120248390126876
"663","7","3L21AU","One Hit Wonder Imperial IPA",1.9797380419424,1.37142062070925,-0.534519000686608
"664","17","ZQKG7N","One Nut",-0.276103564427435,-0.717401040957324,0.469457665227401
"665","4","r4I50V","Ophelia",-0.869746092419496,-1.15715296972923,-0.796425957012002
"666","15","qQPhVI","Oskar Blues IPA",0.911181491556689,0.217071807682988,-0.447216681911477
"667","1","cCXIXP","Osktoberfest",-0.703526184581719,-0.552494067667857,-0.971030594562264
"668","18","dM2XzJ","Ovila Abbey Aged Dubbel",-0.751017586821084,0.203329559908865,0.949620418490623
"669","17","uXdZle","Ovila Abbey Brown Ale (With Mandarins and Cocoa)",-0.276103564427435,-0.717401040957324,0.469457665227401
"670","19","Dwhny1","Ovila Abbey Quad with Plums",-0.157375058829022,2.74564539812148,-0.0980074068109518
"671","10","7i1hXo","Ovila Abbey Saison",-0.513560575624259,-0.00280415670296819,-0.534519000686608
"672","10","ONdtij","Ovila Abbey Saison (w/ Mandarin Oranges and Peppercorns)",-0.513560575624259,-0.00280415670296819,-0.534519000686608
"673","19","Lx7DEm","Ovila Abbey Trippel",-0.394832070025847,1.09657566522681,-0.752774797624436
"674","6","HO9ROw","Ovila Abbey White",-1.29716871257378,-0.827339023150302,-1.0583329133374
"675","19","qGQc7S","Ovila Belgian Golden Ale",-0.276103564427435,1.37142062070925,-0.709123638236871
"676","18","3zb9Gq","Ovila Dubbel",-0.751017586821084,0.203329559908865,0.949620418490623
"677","4","4KIe0t","Ovila Golden With Pomegranates",-0.988474598017909,-1.10218397863275,-0.883728275787133
"678","19","AlRuKw","Ovila Quad",-0.394832070025847,1.09657566522681,-0.752774797624436
"679","19","T7K4um","Ovila Quad Brandy Barrel-Aged",-0.157375058829022,2.74564539812148,-0.0980074068109518
"680","10","UuyWmA","Ovila Wood-Aged Saison",-0.513560575624259,-0.00280415670296819,-0.534519000686608
"681","9","8Ug3hm","Oxford Education",-0.988474598017909,-0.964761500891524,0.338504187064704
"682","6","pYkVxn","Pacific Daylight",-0.988474598017909,-1.0746994830845,-1.14563523211253
"683","5","fQSwqJ","Pacific Ridge Pale Ale",-0.22861216218807,-0.799854527602057,-0.447216681911477
"684","5","rbRRxm","Pale",-0.22861216218807,-0.799854527602057,-0.447216681911477
"685","5","cdkpyx","Pale Ale",-0.22861216218807,-0.799854527602057,-0.447216681911477
"686","5","CZn6nT","Pale Ale",-0.22861216218807,-0.799854527602057,-0.447216681911477
"687","5","bnURKM","Paleooza",-0.22861216218807,-0.799854527602057,-0.447216681911477
"688","18","Tqu2Of","Pandora's Bock",-0.751017586821084,0.217071807682988,0.862318099715492
"689","18","gpCMad","Passion Blaster",-0.157375058829022,0.409463276520699,1.08057389665332
"690","15","yjsHPX","Passion Fruit Milkshake Ipa",0.911181491556689,0.217071807682988,-0.840077116399567
"691","5","QkHinm","Passion Grass",-0.22861216218807,-0.799854527602057,-0.447216681911477
"692","5","Y9X4cN","Pat-Rye-Ot",-0.22861216218807,-0.799854527602057,-0.447216681911477
"693","15","AJwGIV","Peach IPA",0.911181491556689,0.217071807682988,-0.447216681911477
"694","18","KnIZVN","Peach/Blueberry Hefeweizen",-0.157375058829022,0.409463276520699,1.08057389665332
"695","4","eCmjOc","Pear Champagne",-0.988474598017909,-1.10218397863275,-0.883728275787133
"696","17","UmJ5Wm","Pecan Porter",-0.751017586821084,-0.689916545409079,1.08057389665332
"697","5","QdCdco","Pele (Brazilian Pale Ale)",-0.22861216218807,-0.827339023150302,-0.447216681911477
"698","8","7zuKpR","Philly Tripel Plan B",-0.751017586821084,-0.827339023150302,-0.534519000686608
"699","7","XHB8Tj","Pilgrim's Dole",1.14863850275351,2.03104851386712,-0.31626320374878
"700","1","1yMrDb","Pils",-0.394832070025847,-1.10218397863275,-1.01468175394983
"701","7","aPMdQj","Pimp My Ride",1.9797380419424,1.37142062070925,-0.534519000686608
"702","5","0j4t2Z","Pinnacle Peak Pale Ale",-0.22861216218807,-0.799854527602057,-0.447216681911477
"703","14","7aZN1V","Plum Gose",-1.34466011481315,-0.88230801424679,-0.796425957012002
"704","15","AY6Jg8","Point Defiance IPA",0.911181491556689,0.217071807682988,-0.447216681911477
"705","8","hbf2am","Pomona Queen",-0.798508989060449,-0.772370032053813,-0.447216681911477
"706","4","T9hizi","Pond Scum",-0.632289081222672,-1.62438939404939,-0.578170160074174
"707","11","cglNbC","Port Barrel Aged Biere De Garde",-0.751017586821084,-0.14022663444419,-0.272612044361214
"708","17","0K21pW","Porter",-0.751017586821084,-0.689916545409079,1.08057389665332
"709","17","aBYXhp","Porter Porter",-0.394832070025847,-0.415071589926635,1.29882969359115
"710","7","bFMDB3","Portsmouth Barleywine",1.86100953634399,2.03104851386712,0.120248390126876
"711","17","bZ8hmu","Potato Schwarzbier",-0.703526184581719,-1.15715296972923,1.08057389665332
"712","1","UBcopK","Premium 219 Pilsner",-0.394832070025847,-0.552494067667857,-0.927379435174699
"713","12","RDSydO","Prince Myshkin",1.14863850275351,1.6462655761917,2.17185288134246
"714","6","AWdfjO","Priscilla",-1.29716871257378,-0.827339023150302,-1.0583329133374
"715","10","y5dpHI","Prisoner of Hell",-0.869746092419496,0.217071807682988,-0.840077116399567
"716","5","NQwb75","Puck American Pale Ale",-0.22861216218807,-0.799854527602057,-0.447216681911477
"717","17","FMWVLR","Puget Brown Porter",-0.751017586821084,-0.689916545409079,1.08057389665332
"718","18","EbwOyu","Pulled Porter",-0.513560575624259,0.189587312134743,0.425806505839836
"719","18","UimBmb","Pumpkin Chub",-0.157375058829022,0.409463276520699,1.08057389665332
"720","16","EyM4tM","Pumpkin Spice Latte : Nitro Series",0.317538963564627,0.409463276520699,2.17185288134246
"721","5","otVuwu","Purebred A.P.A. Citra",0.198810457966215,-0.332618103281901,-0.447216681911477
"722","5","I1L4J0","Quinn's Amber Ale",-0.276103564427435,-0.689916545409079,-0.0543562474233861
"723","15","OAko81","R. Prime",0.911181491556689,0.217071807682988,-0.447216681911477
"724","12","otkATx","Rain Check",0.0800819523678023,1.6462655761917,2.17185288134246
"725","16","s1eqWg","Rainy Day Blues",-0.157375058829022,0.959153187485588,2.17185288134246
"726","18","WUHF66","Rascal's Wild Red",-0.157375058829022,0.409463276520699,1.08057389665332
"727","5","bM2eLl","Red Between the Lines",-0.276103564427435,-0.689916545409079,-0.0543562474233861
"728","5","GIO3Xe","Red-oric - Beer Camp #65 (Best Of Beer Camp: Imperial Red Ale)",-0.276103564427435,-0.689916545409079,-0.0543562474233861
"729","1","zAC6PV","Regal Pilsner",-0.394832070025847,-0.552494067667857,-0.927379435174699
"730","15","Lt3xMf","Renee IPA",0.911181491556689,0.217071807682988,-0.447216681911477
"731","15","YVWopx","Return of the Red Eye IPA",0.911181491556689,0.217071807682988,-0.447216681911477
"732","5","xZCUbm","Revered Red",-0.276103564427435,-0.689916545409079,-0.0543562474233861
"733","7","bztkAM","Rhizing Bines",1.9797380419424,1.37142062070925,-0.534519000686608
"734","9","O9XhOw","RIPA",-0.798508989060449,-1.23960645637397,-0.0543562474233861
"735","19","0UTcHS","Ripley Tripel",-0.394832070025847,1.09657566522681,-0.752774797624436
"736","17","6iwkrE","Robert Beedus Jr",-0.276103564427435,-1.15715296972923,2.17185288134246
"737","7","WBe09U","Rock Candy Hoppy Red",1.38609551395034,1.48135860290223,-0.228960884973649
"738","15","yBrlNu","Rocket Dog Rye I.P.A",0.911181491556689,0.217071807682988,-0.447216681911477
"739","15","tuzag8","Rockin Blues IPA",0.911181491556689,0.217071807682988,-0.447216681911477
"740","12","WFjpOp","Royal Impy Stout",1.14863850275351,1.6462655761917,2.17185288134246
"741","12","7faCP2","Rum Barrel-Aged Ten Fidy",1.14863850275351,1.6462655761917,2.17185288134246
"742","5","EzaTJ3","Runway IPA",-0.22861216218807,-0.827339023150302,-0.447216681911477
"743","13","SjPBgM","Russ' Revival",-1.51088002265092,-1.15715296972923,-1.0583329133374
"744","5","HaN457","Rustiek-Barrel Aged Belgian Amber Ale",-0.276103564427435,-0.689916545409079,-0.0543562474233861
"745","15","qOKA1F","Ruthless Rye IPA",0.911181491556689,0.217071807682988,-0.447216681911477
"746","15","f16hLl","Ruthlessly Delicious",0.911181491556689,0.217071807682988,-0.447216681911477
"747","9","5fM3ER","Rye Barrel Aged Cubcrawler",-1.130948804736,-1.59690489850115,0.905969259103058
"748","16","7bnlRC","Rye Cocoa Porter - ScareCity #2",0.0800819523678023,0.546885754261921,2.17185288134246
"749","4","zTJ86p","Rye Hatter",-0.869746092419496,-1.10218397863275,-0.709123638236871
"750","15","Y6VFJW","Rye IPA",0.911181491556689,0.217071807682988,-0.447216681911477
"751","17","WbvFmE","S Bus Imperial Brown",-0.276103564427435,-0.717401040957324,0.469457665227401
"752","5","mcvkTZ","Safari Amber",-0.276103564427435,-0.689916545409079,-0.0543562474233861
"753","10","4neIJi","Saison Dans La Maison <U+F078>",-0.513560575624259,-0.00280415670296819,-0.534519000686608
"754","10","htJQLM","Salted Grapefruit Farmhouse Ale",-0.513560575624259,-0.00280415670296819,-0.534519000686608
"755","10","CLsadV","Sans Souci",-0.513560575624259,-0.00280415670296819,-0.534519000686608
"756","16","mjwrcO","Satellite Stout",0.317538963564627,0.409463276520699,2.17185288134246
"757","10","37s6fV","Say Sean Huell Melon Dry Hopped Saison",-0.513560575624259,-0.00280415670296819,-0.534519000686608
"758","1","Api83U","Scare City 1",-0.394832070025847,-0.552494067667857,-0.927379435174699
"759","7","WFT0UY","Scare City 4 Imperial Wheat Wine",1.14863850275351,2.03104851386712,-0.31626320374878
"760","18","IzBcZt","Scotch-Style Ale",-0.513560575624259,0.327009789875965,0.644062302777664
"761","15","Z4LnaP","Second Helping IPA",0.911181491556689,0.217071807682988,-0.447216681911477
"762","2","gvFuE2","Select 55",-1.58211712600997,-1.40451342966343,-1.0583329133374
"763","9","VgbSMs","Selkie",-0.798508989060449,-1.23960645637397,-0.0543562474233861
"764","18","uAYQwf","Shadow's Wild Black",-0.157375058829022,0.409463276520699,1.08057389665332
"765","9","gVuwQ6","Shameless McDale",-0.798508989060449,-1.23960645637397,-0.0543562474233861
"766","19","N87g0e","Shipwrecker Circus",0.436267469163039,2.03104851386712,0.251201868289573
"767","15","FtZRre","Sidcar Orange IPA",0.911181491556689,0.217071807682988,-0.447216681911477
"768","5","lPcmND","SideCar",-0.276103564427435,-0.689916545409079,-0.0543562474233861
"769","5","LB8JzL","Sidecar Orange Pale Ale",-0.22861216218807,-0.799854527602057,-0.447216681911477
"770","15","z71HIM","Sierra Nevada Torpedo Cask",0.911181491556689,0.217071807682988,-0.447216681911477
"771","18","GCDyUs","Silent Night",-0.276103564427435,1.37142062070925,0.600411143390098
"772","5","ULNeg7","Simcoe Pale Ale",-0.22861216218807,-0.799854527602057,-0.447216681911477
"773","17","lsUdvK","Simmer Down Brown",-0.276103564427435,-0.717401040957324,0.469457665227401
"774","15","P8KXUd","Single Hop Amarillo IPA",0.911181491556689,0.217071807682988,-0.447216681911477
"775","15","dqKU6w","Single Hop Cascade IPA",0.911181491556689,0.217071807682988,-0.447216681911477
"776","13","dlm9nV","Single Hop Citra IPL",-1.51088002265092,-1.15715296972923,-1.0583329133374
"777","7","1S3Le4","Single Hop Mosaic Double IPA",1.9797380419424,1.37142062070925,-0.534519000686608
"778","15","Mvh5U2","Single Hop Series: Liberty",0.911181491556689,0.217071807682988,-0.447216681911477
"779","12","OH98hq","Sinner's Son",1.14863850275351,1.6462655761917,2.17185288134246
"780","13","8ftXVJ","Six Grain Harvest Lager (Batch No. 63118)",-1.51088002265092,-1.15715296972923,-1.0583329133374
"781","15","e0bg5f","Six Rights IPA -  Beer Camp",0.911181491556689,0.217071807682988,-0.447216681911477
"782","12","1EDyEY","Smaug's Breath",0.673724480359864,1.6462655761917,1.08057389665332
"783","17","FlmKOv","Smidy",-0.988474598017909,-1.10218397863275,2.17185288134246
"784","9","9BJRbZ","Smithwick's Premium Red Ale",-0.798508989060449,-1.23960645637397,-0.0543562474233861
"785","7","xh62VZ","Sneaky Pete",1.9797380419424,1.37142062070925,-0.534519000686608
"786","15","FxxNhs","Snow Cone IPA",0.911181491556689,0.217071807682988,-0.447216681911477
"787","5","P2rD30","Snow Glare",-0.22861216218807,-0.799854527602057,-0.447216681911477
"788","15","LPjakS","Snow Wit",0.911181491556689,0.217071807682988,-0.447216681911477
"789","17","Ieu3Wi","Snowday Porter",-0.751017586821084,-0.689916545409079,1.08057389665332
"790","16","14UQ4N","Snowman Stout",0.317538963564627,0.409463276520699,2.17185288134246
"791","15","fX6odn","Solar Storm - Beer Camp #71",0.911181491556689,0.217071807682988,-0.447216681911477
"792","14","2ZwqMd","Sour Inc: Apple Rhubarb",-1.34466011481315,-0.88230801424679,-0.796425957012002
"793","12","nbVcip","Sour Inc: Sour Stout With Cherries",0.0800819523678023,1.6462655761917,2.17185288134246
"794","1","1SYQ5O","Southern Gothic Session Pils",-0.394832070025847,-1.10218397863275,-1.01468175394983
"795","5","xXJuyA","Southern Hemisphere Harvest",-0.22861216218807,-0.799854527602057,-0.447216681911477
"796","5","Uwcqsj","Southern Hemisphere Hopped ESB",-0.157375058829022,-0.662432049860835,-0.359914363136346
"797","11","KfC3l9","Spanglish Fly",-0.751017586821084,-0.14022663444419,-0.272612044361214
"798","15","8TQNbT","Spinner",0.911181491556689,0.217071807682988,-0.447216681911477
"799","11","zJigjF","Spinnerbait",-0.988474598017909,-0.470040581023124,0.0765972307393107
"800","6","i1jKN5","Spring Heat Spiced Wheat",-1.29716871257378,-0.827339023150302,-1.0583329133374
"801","3","dODEDo","Spruce Beersteen",0.911181491556689,0.134618321038254,1.7353412874668
"802","15","sYYgGI","Squeeze Box",0.911181491556689,0.217071807682988,-0.447216681911477
"803","19","0c3ltk","St. Benny's Labby Style Ale",-0.276103564427435,1.37142062070925,-0.709123638236871
"804","14","onllb0","Station 3",-1.34466011481315,-0.717401040957324,-0.796425957012002
"805","14","oqsjeJ","Steady As She Gose",-1.34466011481315,-0.88230801424679,-0.796425957012002
"806","6","h7N6T9","Stephan Urquell <U+F078>",-0.822254690180131,-0.88230801424679,-1.01468175394983
"807","15","xg7BJX","Sticky Icky",0.911181491556689,0.217071807682988,-0.447216681911477
"808","10","D4I0lX","Stone Cold Peach",-0.513560575624259,-0.00280415670296819,-0.534519000686608
"809","5","eBelPz","Stone Mill Organic Pale Ale",-0.22861216218807,-0.799854527602057,-0.447216681911477
"810","6","qvtSfO","Stoopid Wit",-1.29716871257378,-0.827339023150302,-1.0583329133374
"811","16","rHCSHp","Stout",0.317538963564627,0.409463276520699,2.17185288134246
"812","15","ZyZ1g3","Strawberry White Pale Ale",0.911181491556689,0.217071807682988,-0.447216681911477
"813","16","L2Nd1C","Stryker Stout",0.317538963564627,0.409463276520699,2.17185288134246
"814","7","babLje","Sucks",1.9797380419424,1.37142062070925,-0.534519000686608
"815","10","LfwcEu","Sugarshack Saison",-0.513560575624259,-0.00280415670296819,-0.534519000686608
"816","4","h9JXAb","Summer Ale",-0.869746092419496,-1.15715296972923,-0.796425957012002
"817","1","p6ZP0p","Summer Pils",-0.394832070025847,-0.552494067667857,-0.927379435174699
"818","9","MmaQrA","Summer Rye",-1.10720310361632,-1.15715296972923,0.0329460713517451
"819","4","AQE3Sx","Summer Session",-0.869746092419496,-1.10218397863275,-0.709123638236871
"820","4","3Zc0Ez","SummerBright Ale",-0.988474598017909,-1.10218397863275,-0.883728275787133
"821","13","5ue4ah","Summerfest",-1.51088002265092,-1.15715296972923,-1.0583329133374
"822","5","2yXCVa","Sumpin' Easy Ale",-0.22861216218807,-0.799854527602057,-0.447216681911477
"823","4","PB49EI","Sun Dog Amber Wheat",-0.869746092419496,-1.10218397863275,-0.709123638236871
"824","5","2Bxz64","Sundog",-0.276103564427435,-0.689916545409079,-0.0543562474233861
"825","7","G8qBXI","Super Cluster",1.9797380419424,1.37142062070925,-0.534519000686608
"826","9","ATFslo","Sweet Sunny South",-1.46338862041156,-2.47640875604497,1.08057389665332
"827","7","8lmndo","Sweetwater Donkey Punch!",1.86100953634399,2.03104851386712,0.120248390126876
"828","17","6owRQn","SweetWater Exodus Porter",-0.751017586821084,-0.689916545409079,1.08057389665332
"829","18","ctjbwM","SweetWater Festive Ale",-0.157375058829022,0.409463276520699,1.08057389665332
"830","15","uzOl1k","SweetWater IPA",0.911181491556689,0.217071807682988,-0.447216681911477
"831","17","FDSQ5n","SweetWater Mean Joe Bean",-0.394832070025847,-0.415071589926635,1.29882969359115
"832","4","0a0nmv","SweetWater Motor Boat",-0.632289081222672,-1.62438939404939,-0.578170160074174
"833","1","OGHzdU","SweetWater Road Trip",-0.394832070025847,-0.552494067667857,-0.927379435174699
"834","4","XJ7ZBB","SweetWater SchWheat",-0.869746092419496,-1.10218397863275,-0.709123638236871
"835","15","XeZfaD","T.L.A. I.P.A.",0.911181491556689,0.217071807682988,-0.447216681911477
"836","1","FnRwC6","Take Two Pils",-0.394832070025847,-1.10218397863275,-1.01468175394983
"837","15","GbTnYM","Tangerine Space Machine",0.911181491556689,0.217071807682988,-0.447216681911477
"838","16","HptKyQ","Tannakin",0.317538963564627,0.409463276520699,2.17185288134246
"839","15","YmuNgG","Tasmanian Hatter",0.911181491556689,0.217071807682988,-0.447216681911477
"840","9","5ErplG","Tater Ridge - Beer Camp Across America",-1.17844020697537,-1.51445141185641,-0.0543562474233861
"841","15","FbD1pJ","Taz IPA",0.911181491556689,0.217071807682988,-0.447216681911477
"842","12","Rl3Yy9","Ten FIDY",1.14863850275351,1.6462655761917,2.17185288134246
"843","12","44mN7a","Ten FIDY",1.14863850275351,1.6462655761917,2.17185288134246
"844","12","x6bRxw","Ten FIDY",1.14863850275351,1.6462655761917,2.17185288134246
"845","12","aSdzxF","Ten FIDY (2016)",0.0800819523678023,1.6462655761917,2.17185288134246
"846","12","KVcu4B","Ten Fidy - Bourbon Barrel Aged",1.14863850275351,1.6462655761917,2.17185288134246
"847","12","oRKnzw","Ten Fidy - Bulleit Bourbon Barrel Aged",1.14863850275351,1.6462655761917,2.17185288134246
"848","12","6DAt6F","Ten FIDY Stranahans Bourbon Barrel Aged",1.14863850275351,1.6462655761917,2.17185288134246
"849","4","cXEnHS","Tequila Barrel-Aged Ophelia",-0.869746092419496,-1.10218397863275,-0.709123638236871
"850","13","Xv2EIK","Tequiza",-1.29716871257378,-1.15715296972923,-1.01468175394983
"851","13","zFPtdT","Tettang Lager",-1.51088002265092,-1.15715296972923,-1.0583329133374
"852","5","pOk8tL","The 1759",-0.276103564427435,-0.689916545409079,-0.0543562474233861
"853","7","Kktdjp","The Art Of Chaos",1.9797380419424,1.37142062070925,-0.534519000686608
"854","5","ej16Dh","The Carhartt Woodsman",-0.22861216218807,-0.799854527602057,-0.447216681911477
"855","12","vIhSst","The Dogfather",1.14863850275351,1.6462655761917,2.17185288134246
"856","12","cvma3B","The Dogfather Imperial Stout - Bourbon Barrel",0.673724480359864,1.6462655761917,1.08057389665332
"857","5","TFcGop","The Down Low Ale",-0.22861216218807,-0.799854527602057,-0.447216681911477
"858","18","9RNMJQ","The Gimp",0.317538963564627,0.546885754261921,0.513108824614967
"859","5","xlOpbL","The Hairy Eyeball",0.198810457966215,-0.332618103281901,-0.447216681911477
"860","18","R1JD13","The Mutilator",-0.893491793539179,0.409463276520699,0.513108824614967
"861","9","eVgnFV","The Poet",-0.513560575624259,-0.88230801424679,0.425806505839836
"862","7","ABoSrf","The Waldos¡¯ Special Ale (2018)",1.9797380419424,1.37142062070925,-0.534519000686608
"863","15","7GLf2A","The White Buffalo",0.911181491556689,0.217071807682988,-0.447216681911477
"864","4","JsJS48","There and Back - Beer Camp Across America",-0.632289081222672,-1.62438939404939,-0.578170160074174
"865","5","hz4rNs","Thunder Ann",-0.22861216218807,-0.799854527602057,-0.447216681911477
"866","16","Pb4Zwl","Thunder Stout",0.317538963564627,0.409463276520699,2.17185288134246
"867","10","ZzpzSy","Tickled Pink",-0.513560575624259,-0.00280415670296819,-0.534519000686608
"868","9","0tWTUV","Tmave",-0.964728896898226,-0.964761500891524,0.207550708902008
"869","17","zsoUNy","Toked Porter",-0.751017586821084,-0.689916545409079,1.08057389665332
"870","4","lrTDM4","Torikumi",-0.988474598017909,-1.10218397863275,-0.883728275787133
"871","15","JaS6T7","Torpedo Extra IPA",0.911181491556689,0.217071807682988,-0.447216681911477
"872","1","wC2GDZ","Torpedo Pilsner - Beer Camp Across America",-0.394832070025847,-0.552494067667857,-0.927379435174699
"873","5","kuAItj","Trademark Pale Ale",-0.22861216218807,-0.799854527602057,-0.447216681911477
"874","18","i5EwQe","Trip In The Woods",-0.513560575624259,0.327009789875965,0.644062302777664
"875","12","lPKfmK","Trip In The Woods Barrel Aged Narwhal w/Red & Black Currents",1.14863850275351,1.6462655761917,2.17185288134246
"876","11","T64OoT","Trip In the Woods Biere De Garde",-0.751017586821084,-0.14022663444419,-0.272612044361214
"877","19","N0usi0","Trip in the Woods Madeira Quad",-0.157375058829022,2.74564539812148,-0.0980074068109518
"878","7","TxVKov","Trip in the Woods: Barrel Aged Ginger Bigfoot",1.86100953634399,2.03104851386712,0.120248390126876
"879","12","JK8eXb","Trip In the Woods: Cocoa Coconut Narwhal",1.14863850275351,1.6462655761917,2.17185288134246
"880","18","kKHKCn","Trip in the Woods: Maple Scotch",-0.513560575624259,0.327009789875965,0.644062302777664
"881","8","ep9tZr","Trip In the Woods: Rye Dunkelweizen",-1.34466011481315,-0.772370032053813,-0.0543562474233861
"882","12","LPQCSx","Trip In The Woods: Tawny Narwhal",0.673724480359864,1.6462655761917,1.08057389665332
"883","19","eJ0fVE","Tripel  Squared",-0.394832070025847,1.09657566522681,-0.752774797624436
"884","15","eXzIZz","TripleTail",0.911181491556689,0.217071807682988,-0.447216681911477
"885","12","qPgNWv","Tripper Noche",1.14863850275351,1.6462655761917,2.17185288134246
"886","1","BUVVgt","Tropical Mama¡¯s",-0.394832070025847,-0.552494067667857,-0.927379435174699
"887","15","KuflHE","Tropical Torpedo",0.911181491556689,0.217071807682988,-0.447216681911477
"888","8","4eYvNS","TuberFest",-0.751017586821084,-0.497525076571368,-0.490867841299042
"889","17","isCgs7","Tumbler",-0.276103564427435,-0.717401040957324,0.469457665227401
"890","5","bf76fr","Twin Peaks",-0.22861216218807,-0.799854527602057,-0.447216681911477
"891","9","QSwjKh","Twisted Cedar",-1.22593160921473,-1.59690489850115,-0.228960884973649
"892","6","5dbIgo","Twisted Fish",-0.822254690180131,-0.88230801424679,-1.01468175394983
"893","2","65zNUD","Two Hats Lime",-1.58211712600997,-1.40451342966343,-1.0583329133374
"894","2","TmGZKm","Two Hats Pineapple",-1.58211712600997,-1.40451342966343,-1.0583329133374
"895","1","4LX2Qa","Two-One Niner",-0.394832070025847,-0.552494067667857,-0.927379435174699
"896","8","TvAG7D","Uncle Bert's Farm Market Red",-0.798508989060449,-0.772370032053813,-0.447216681911477
"897","4","ExTe8O","Unfiltered Wheat Beer",-0.869746092419496,-1.10218397863275,-0.709123638236871
"898","17","lAM2hZ","Unibrown",-0.276103564427435,-0.717401040957324,0.469457665227401
"899","7","fWbkCT","Unite Red IPA",1.38609551395034,1.48135860290223,-0.228960884973649
"900","5","Il48ZU","United in Orange",-0.22861216218807,-0.799854527602057,-0.447216681911477
"901","17","Bk34Go","Vanilla Porter",-0.751017586821084,-0.689916545409079,1.08057389665332
"902","6","tenqsI","Vanilla Wheat",-1.29716871257378,-0.827339023150302,-1.0583329133374
"903","16","8ve3vf","Velvet Elvis Stout",0.317538963564627,0.409463276520699,2.17185288134246
"904","8","7IjJ76","Vienna",-0.751017586821084,-0.772370032053813,-0.0980074068109518
"905","8","CJYncP","Vienna Lager",-0.751017586821084,-0.772370032053813,-0.0980074068109518
"906","8","MdlspB","Vienna Lager",-0.751017586821084,-0.772370032053813,-0.0980074068109518
"907","15","8rc5kA","Wachusetts IPA",0.911181491556689,0.217071807682988,-0.447216681911477
"908","7","a9reE2","Waldo's Special Ale",1.9797380419424,1.37142062070925,-0.534519000686608
"909","15","vxQzSS","Wally",0.911181491556689,0.217071807682988,-0.447216681911477
"910","18","R7UZkR","Wango Mango",-0.157375058829022,0.409463276520699,1.08057389665332
"911","15","YcAgdR","Warrior Bomb",0.911181491556689,0.217071807682988,-0.447216681911477
"912","14","6jvc3G","Waterkeeper",-1.34466011481315,-0.717401040957324,-0.796425957012002
"913","18","l7irOy","Weizenbock - Beer Camp #37",-0.751017586821084,0.876699700840855,0.207550708902008
"914","5","60GVov","Well Built E.S.B.",-0.157375058829022,-0.662432049860835,-0.359914363136346
"915","4","iypGyz","Wet Hopped American Summer",-0.869746092419496,-1.10218397863275,-0.709123638236871
"916","4","Jjw7Pd","Wheat Of The Moment",-0.869746092419496,-1.10218397863275,-0.709123638236871
"917","7","Me6YnI","Wheat Wine",1.14863850275351,2.03104851386712,-0.31626320374878
"918","15","pYXY7M","Whiplash",0.911181491556689,0.217071807682988,-0.447216681911477
"919","16","HL52ir","Whiskey Barrel Snowman Stout",0.317538963564627,0.409463276520699,2.17185288134246
"920","6","bpJ9u8","White Ale",-1.29716871257378,-0.827339023150302,-1.0583329133374
"921","8","gQiQsk","White Hatter",-0.751017586821084,-0.827339023150302,-0.534519000686608
"922","15","rjJiAx","White IPA - Asheville Beer Week",0.911181491556689,0.217071807682988,-0.447216681911477
"923","15","JR5uca","White Lightning <U+F078>",0.911181491556689,0.217071807682988,-0.447216681911477
"924","17","rRe2jl","Whole Lotta Lov",-0.988474598017909,-1.10218397863275,2.17185288134246
"925","10","QCvO04","Why Not?",-0.513560575624259,-0.00280415670296819,-0.534519000686608
"926","15","vkoim1","Wicked Wheat IPA <U+F078>",0.911181491556689,0.217071807682988,-0.447216681911477
"927","15","655f2d","Wicket IPA",0.388776066923674,-0.277649112185413,-0.447216681911477
"928","17","7Yytym","Wilco Tango Foxtrot",-0.276103564427435,-0.717401040957324,0.469457665227401
"929","4","kzMoR5","Wild Thang",-0.988474598017909,-1.10218397863275,-0.883728275787133
"930","12","5pJqvf","Willett Bourbon Barrel Aged Imperial Stout",1.14863850275351,1.6462655761917,2.17185288134246
"931","12","9LnbQj","Willettized Coffee Stout",1.14863850275351,1.6462655761917,2.17185288134246
"932","17","1B8Hrr","Willettized Imperial Coffee Stout",-0.988474598017909,-1.10218397863275,2.17185288134246
"933","18","Edea9J","Winter Ale",-0.513560575624259,0.327009789875965,0.644062302777664
"934","7","4CC8Gf","Winter Haze",1.86100953634399,2.03104851386712,0.120248390126876
"935","10","dmVTls","Winter Saison",-0.513560575624259,-0.00280415670296819,-0.534519000686608
"936","18","xMjKhw","Wintertide Ale",-0.157375058829022,0.409463276520699,1.08057389665332
"937","18","TpeMIM","Witbier with Grapefruit",-0.157375058829022,0.409463276520699,1.08057389665332
"938","6","KiXHLV","Witness",-1.29716871257378,-0.827339023150302,-1.0583329133374
"939","7","5stK34","Wookie Down",1.38609551395034,1.48135860290223,-0.228960884973649
"940","8","eI4NgQ","Work",-1.34466011481315,-0.772370032053813,-0.0543562474233861
"941","18","x21pxt","XMas Chub",-0.157375058829022,0.409463276520699,1.08057389665332
"942","6","ndBEW0","Xtra Time",-0.988474598017909,-1.0746994830845,-1.14563523211253
"943","7","BKi6Ss","Yadig? Berliner Hopfenweissen",1.14863850275351,2.03104851386712,-0.31626320374878
"944","7","EqgmWc","Year of the Dog - Release #1",1.38609551395034,1.48135860290223,-0.228960884973649
"945","4","ruYTf6","Yippe Rye Aye!",-0.869746092419496,-1.10218397863275,-0.709123638236871
"946","10","CScss3","Yonder Bock - Beer Camp Across America",-0.561051977863624,0.272040798779476,-0.709123638236871
"947","10","a8u4ic","Yvan The Great - Beer Camp Across America",-0.869746092419496,0.217071807682988,-0.840077116399567
"948","8","nwNOxm","ZiegenBock Amber",-0.798508989060449,-0.772370032053813,-0.447216681911477
"949","4","EBlZnE","Zoomer",-0.869746092419496,-1.10218397863275,-0.709123638236871
"950","6",NA,"Asahi",-1.15469450585569,-1.06187338534522,-1.07666640028017
"951","4",NA,"Tsing Tao",-0.869033721385906,-1.17639211661301,-1.04087244958237
"952","6",NA,"Kronenbourg",-0.91058869834535,-0.666096649450498,-1.04087244958237
"953","1",NA,"Heineken",-0.711192653732515,-0.836762278688315,-0.94833199168073
"954","6",NA,"Hoegaarden",-1.14123860871284,-0.778172314691638,-0.983204417863773
"955","6",NA,"Stella Artois",-0.888109434777022,-0.598301560065034,-1.03272423319246
"956","17",NA,"Kozel Dark",-0.265655455934774,-0.992245996439768,0.589061841949331
"957","1",NA,"Carlsberg",-0.65555986831996,-0.83283592225995,-1.00944361482332
"958","1",NA,"Pilsner Urquell",-0.194513335380206,-0.640444453422239,-0.945014503567275
"959","3",NA,"Sapporo Black",0.614835141583051,-0.387587094378391,1.49351386445969
"960","14",NA,"Paulaner",-1.20474631396364,-0.693501479539326,-0.665624308930956
"961","14",NA,"Franziskaner",-1.1177375600267,-0.493527331914266,-0.969602011195872
"962","4",NA,"Beck's Light Style Lager",-0.250458207218178,-1.43199792521168,-0.952697107619487
"963","6",NA,"Corona",-1.11195224384026,-0.961096901301861,-1.05484082058639
"964","14",NA,"BlueMoon",-1.79582843608711,0.332506688985614,-0.894204554040149
"965","4",NA,"Miller",-0.693790447122649,-1.1976926006629,-0.638954399521359
"966","14",NA,"Peroni",-1.24777765424484,-0.689916545409079,-0.975395710501021
"967","10",NA,"Duvel",-0.275248719187126,0.613947923399637,-0.889490228826292
"968","14",NA,"Erdinger",-1.2689588196436,-0.831736542438021,-0.90834752968172
"969","13",NA,"Bavarian Hefeweizen",-1.20281912663327,-1.10768087774239,-1.03388826408036
"970","13",NA,"Edelweiss Dunkel Weissbier",-1.30951647715602,-1.29457544747046,-0.835712000460811
